item,itemLabel,peerageID,birth,death,floruit,prop,propLabel,value,valueLabel
http://www.wikidata.org/entity/Q61943410,Toirdhealbhach Bóg Ó Briain,p10284.htm#i102840,,1459-01-01T00:00:00Z,,http://www.wikidata.org/prop/direct/P21,http://www.wikidata.org/prop/direct/P21,http://www.wikidata.org/entity/Q6581097,male
http://www.wikidata.org/entity/Q61943410,Toirdhealbhach Bóg Ó Briain,p10284.htm#i102840,,1459-01-01T00:00:00Z,,http://www.wikidata.org/prop/direct/P22,http://www.wikidata.org/prop/direct/P22,http://www.wikidata.org/entity/Q4965361,Brian Sreamhach Ua Briain
http://www.wikidata.org/entity/Q61943410,Toirdhealbhach Bóg Ó Briain,p10284.htm#i102840,,1459-01-01T00:00:00Z,,http://www.wikidata.org/prop/direct/P25,http://www.wikidata.org/prop/direct/P25,http://www.wikidata.org/entity/Q112962731,Slany Macnamara
http://www.wikidata.org/entity/Q61943410,Toirdhealbhach Bóg Ó Briain,p10284.htm#i102840,,1459-01-01T00:00:00Z,,http://www.wikidata.org/prop/direct/P26,http://www.wikidata.org/prop/direct/P26,http://www.wikidata.org/entity/Q110504639,Catherine Burke
http://www.wikidata.org/entity/Q61943410,Toirdhealbhach Bóg Ó Briain,p10284.htm#i102840,,1459-01-01T00:00:00Z,,http://www.wikidata.org/prop/direct/P31,http://www.wikidata.org/prop/direct/P31,http://www.wikidata.org/entity/Q5,human
http://www.wikidata.org/entity/Q61943410,Toirdhealbhach Bóg Ó Briain,p10284.htm#i102840,,1459-01-01T00:00:00Z,,http://www.wikidata.org/prop/direct/P40,http://www.wikidata.org/prop/direct/P40,http://www.wikidata.org/entity/Q110504637,"Mahon|Mathghamhain O'Brien, of Killclanoy"
http://www.wikidata.org/entity/Q61943410,Toirdhealbhach Bóg Ó Briain,p10284.htm#i102840,,1459-01-01T00:00:00Z,,http://www.wikidata.org/prop/direct/P40,http://www.wikidata.org/prop/direct/P40,http://www.wikidata.org/entity/Q18527757,Donnchad O Briain
http://www.wikidata.org/entity/Q61943410,Toirdhealbhach Bóg Ó Briain,p10284.htm#i102840,,1459-01-01T00:00:00Z,,http://www.wikidata.org/prop/direct/P40,http://www.wikidata.org/prop/direct/P40,http://www.wikidata.org/entity/Q61943409,Tadhg an Chomhaid Ó Briain
http://www.wikidata.org/entity/Q61943410,Toirdhealbhach Bóg Ó Briain,p10284.htm#i102840,,1459-01-01T00:00:00Z,,http://www.wikidata.org/prop/direct/P40,http://www.wikidata.org/prop/direct/P40,http://www.wikidata.org/entity/Q71562902,Toirdhealbhach Óg Ó Briain
http://www.wikidata.org/entity/Q61943410,Toirdhealbhach Bóg Ó Briain,p10284.htm#i102840,,1459-01-01T00:00:00Z,,http://www.wikidata.org/prop/direct/P40,http://www.wikidata.org/prop/direct/P40,http://www.wikidata.org/entity/Q71577254,Conchobar Mór Ó Briain
http://www.wikidata.org/entity/Q61943410,Toirdhealbhach Bóg Ó Briain,p10284.htm#i102840,,1459-01-01T00:00:00Z,,http://www.wikidata.org/prop/direct/P1819,http://www.wikidata.org/prop/direct/P1819,I00117070,I00117070
http://www.wikidata.org/entity/Q61943410,Toirdhealbhach Bóg Ó Briain,p10284.htm#i102840,,1459-01-01T00:00:00Z,,http://www.wikidata.org/prop/direct/P2671,http://www.wikidata.org/prop/direct/P2671,/g/11h5rypdcd,/g/11h5rypdcd
http://www.wikidata.org/entity/Q61943410,Toirdhealbhach Bóg Ó Briain,p10284.htm#i102840,,1459-01-01T00:00:00Z,,http://www.wikidata.org/prop/direct/P2949,http://www.wikidata.org/prop/direct/P2949,O'Brien-3024,O'Brien-3024
http://www.wikidata.org/entity/Q61943410,Toirdhealbhach Bóg Ó Briain,p10284.htm#i102840,,1459-01-01T00:00:00Z,,http://www.wikidata.org/prop/direct/P3373,http://www.wikidata.org/prop/direct/P3373,http://www.wikidata.org/entity/Q85854104,Mathghamhaim Dall Ó Briain
http://www.wikidata.org/entity/Q61943410,Toirdhealbhach Bóg Ó Briain,p10284.htm#i102840,,1459-01-01T00:00:00Z,,http://www.wikidata.org/prop/direct/P3373,http://www.wikidata.org/prop/direct/P3373,http://www.wikidata.org/entity/Q85854839,Tagdh na Glaoidh Mór Ó Briain
http://www.wikidata.org/entity/Q61943410,Toirdhealbhach Bóg Ó Briain,p10284.htm#i102840,,1459-01-01T00:00:00Z,,http://www.wikidata.org/prop/direct/P4638,http://www.wikidata.org/prop/direct/P4638,p10284.htm#i102840,p10284.htm#i102840
http://www.wikidata.org/entity/Q61943410,Toirdhealbhach Bóg Ó Briain,p10284.htm#i102840,,1459-01-01T00:00:00Z,,http://www.wikidata.org/prop/direct/P570,http://www.wikidata.org/prop/direct/P570,1459-01-01T00:00:00Z,1459-01-01T00:00:00Z
http://www.wikidata.org/entity/Q61943410,Toirdhealbhach Bóg Ó Briain,p10284.htm#i102840,,1459-01-01T00:00:00Z,,http://www.wikidata.org/prop/direct/P7929,http://www.wikidata.org/prop/direct/P7929,p=turlogh;n=o+brien;oc=9,p=turlogh;n=o+brien;oc=9
http://www.wikidata.org/entity/Q61962928,Sir Robert Willoughby,p1688.htm#i16873,1430-01-01T00:00:00Z,1465-01-01T00:00:00Z,,http://www.wikidata.org/prop/direct/P21,http://www.wikidata.org/prop/direct/P21,http://www.wikidata.org/entity/Q6581097,male
http://www.wikidata.org/entity/Q61962928,Sir Robert Willoughby,p1688.htm#i16873,1430-01-01T00:00:00Z,1465-01-01T00:00:00Z,,http://www.wikidata.org/prop/direct/P22,http://www.wikidata.org/prop/direct/P22,http://www.wikidata.org/entity/Q61962934,Sir Thomas Willoughby
http://www.wikidata.org/entity/Q61962928,Sir Robert Willoughby,p1688.htm#i16873,1430-01-01T00:00:00Z,1465-01-01T00:00:00Z,,http://www.wikidata.org/prop/direct/P25,http://www.wikidata.org/prop/direct/P25,http://www.wikidata.org/entity/Q61962935,Joan Arundell
http://www.wikidata.org/entity/Q61962928,Sir Robert Willoughby,p1688.htm#i16873,1430-01-01T00:00:00Z,1465-01-01T00:00:00Z,,http://www.wikidata.org/prop/direct/P26,http://www.wikidata.org/prop/direct/P26,http://www.wikidata.org/entity/Q61962929,Cecily Wells
http://www.wikidata.org/entity/Q61962928,Sir Robert Willoughby,p1688.htm#i16873,1430-01-01T00:00:00Z,1465-01-01T00:00:00Z,,http://www.wikidata.org/prop/direct/P31,http://www.wikidata.org/prop/direct/P31,http://www.wikidata.org/entity/Q5,human
http://www.wikidata.org/entity/Q61962928,Sir Robert Willoughby,p1688.htm#i16873,1430-01-01T00:00:00Z,1465-01-01T00:00:00Z,,http://www.wikidata.org/prop/direct/P40,http://www.wikidata.org/prop/direct/P40,http://www.wikidata.org/entity/Q5113440,"Christopher Willoughby, 10th Baron Willoughby de Eresby"
http://www.wikidata.org/entity/Q61962928,Sir Robert Willoughby,p1688.htm#i16873,1430-01-01T00:00:00Z,1465-01-01T00:00:00Z,,http://www.wikidata.org/prop/direct/P40,http://www.wikidata.org/prop/direct/P40,http://www.wikidata.org/entity/Q75269890,Sir Robert Willoughby
http://www.wikidata.org/entity/Q61962928,Sir Robert Willoughby,p1688.htm#i16873,1430-01-01T00:00:00Z,1465-01-01T00:00:00Z,,http://www.wikidata.org/prop/direct/P1819,http://www.wikidata.org/prop/direct/P1819,I00109040,I00109040
http://www.wikidata.org/entity/Q61962928,Sir Robert Willoughby,p1688.htm#i16873,1430-01-01T00:00:00Z,1465-01-01T00:00:00Z,,http://www.wikidata.org/prop/direct/P2600,http://www.wikidata.org/prop/direct/P2600,6000000006444159859,6000000006444159859
http://www.wikidata.org/entity/Q61962928,Sir Robert Willoughby,p1688.htm#i16873,1430-01-01T00:00:00Z,1465-01-01T00:00:00Z,,http://www.wikidata.org/prop/direct/P2949,http://www.wikidata.org/prop/direct/P2949,Willoughby-60,Willoughby-60
http://www.wikidata.org/entity/Q61962928,Sir Robert Willoughby,p1688.htm#i16873,1430-01-01T00:00:00Z,1465-01-01T00:00:00Z,,http://www.wikidata.org/prop/direct/P4638,http://www.wikidata.org/prop/direct/P4638,p1688.htm#i16873,p1688.htm#i16873
http://www.wikidata.org/entity/Q61962928,Sir Robert Willoughby,p1688.htm#i16873,1430-01-01T00:00:00Z,1465-01-01T00:00:00Z,,http://www.wikidata.org/prop/direct/P5008,http://www.wikidata.org/prop/direct/P5008,http://www.wikidata.org/entity/Q98755339,TP updated between September 2019 and August 2020
http://www.wikidata.org/entity/Q61962928,Sir Robert Willoughby,p1688.htm#i16873,1430-01-01T00:00:00Z,1465-01-01T00:00:00Z,,http://www.wikidata.org/prop/direct/P569,http://www.wikidata.org/prop/direct/P569,1430-01-01T00:00:00Z,1430-01-01T00:00:00Z
http://www.wikidata.org/entity/Q61962928,Sir Robert Willoughby,p1688.htm#i16873,1430-01-01T00:00:00Z,1465-01-01T00:00:00Z,,http://www.wikidata.org/prop/direct/P570,http://www.wikidata.org/prop/direct/P570,1465-01-01T00:00:00Z,1465-01-01T00:00:00Z
http://www.wikidata.org/entity/Q61962928,Sir Robert Willoughby,p1688.htm#i16873,1430-01-01T00:00:00Z,1465-01-01T00:00:00Z,,http://www.wikidata.org/prop/direct/P735,http://www.wikidata.org/prop/direct/P735,http://www.wikidata.org/entity/Q4927937,Robert
http://www.wikidata.org/entity/Q61962929,Cecily Wells,p2624.htm#i26239,1430-01-01T00:00:00Z,1465-01-01T00:00:00Z,,http://www.wikidata.org/prop/direct/P21,http://www.wikidata.org/prop/direct/P21,http://www.wikidata.org/entity/Q6581072,female
http://www.wikidata.org/entity/Q61962929,Cecily Wells,p2624.htm#i26239,1430-01-01T00:00:00Z,1465-01-01T00:00:00Z,,http://www.wikidata.org/prop/direct/P22,http://www.wikidata.org/prop/direct/P22,http://www.wikidata.org/entity/Q6555844,"Lionel de Welles, 6th Baron Welles"
http://www.wikidata.org/entity/Q61962929,Cecily Wells,p2624.htm#i26239,1430-01-01T00:00:00Z,1465-01-01T00:00:00Z,,http://www.wikidata.org/prop/direct/P25,http://www.wikidata.org/prop/direct/P25,http://www.wikidata.org/entity/Q61971063,Joan Waterton
http://www.wikidata.org/entity/Q61962929,Cecily Wells,p2624.htm#i26239,1430-01-01T00:00:00Z,1465-01-01T00:00:00Z,,http://www.wikidata.org/prop/direct/P26,http://www.wikidata.org/prop/direct/P26,http://www.wikidata.org/entity/Q61962928,Sir Robert Willoughby
http://www.wikidata.org/entity/Q61962929,Cecily Wells,p2624.htm#i26239,1430-01-01T00:00:00Z,1465-01-01T00:00:00Z,,http://www.wikidata.org/prop/direct/P31,http://www.wikidata.org/prop/direct/P31,http://www.wikidata.org/entity/Q5,human
http://www.wikidata.org/entity/Q61962929,Cecily Wells,p2624.htm#i26239,1430-01-01T00:00:00Z,1465-01-01T00:00:00Z,,http://www.wikidata.org/prop/direct/P40,http://www.wikidata.org/prop/direct/P40,http://www.wikidata.org/entity/Q5113440,"Christopher Willoughby, 10th Baron Willoughby de Eresby"
http://www.wikidata.org/entity/Q61962929,Cecily Wells,p2624.htm#i26239,1430-01-01T00:00:00Z,1465-01-01T00:00:00Z,,http://www.wikidata.org/prop/direct/P40,http://www.wikidata.org/prop/direct/P40,http://www.wikidata.org/entity/Q75269890,Sir Robert Willoughby
http://www.wikidata.org/entity/Q61962929,Cecily Wells,p2624.htm#i26239,1430-01-01T00:00:00Z,1465-01-01T00:00:00Z,,http://www.wikidata.org/prop/direct/P1819,http://www.wikidata.org/prop/direct/P1819,I00109041,I00109041
http://www.wikidata.org/entity/Q61962929,Cecily Wells,p2624.htm#i26239,1430-01-01T00:00:00Z,1465-01-01T00:00:00Z,,http://www.wikidata.org/prop/direct/P2949,http://www.wikidata.org/prop/direct/P2949,Welles-81,Welles-81
http://www.wikidata.org/entity/Q61962929,Cecily Wells,p2624.htm#i26239,1430-01-01T00:00:00Z,1465-01-01T00:00:00Z,,http://www.wikidata.org/prop/direct/P4638,http://www.wikidata.org/prop/direct/P4638,p2624.htm#i26239,p2624.htm#i26239
http://www.wikidata.org/entity/Q61962929,Cecily Wells,p2624.htm#i26239,1430-01-01T00:00:00Z,1465-01-01T00:00:00Z,,http://www.wikidata.org/prop/direct/P5008,http://www.wikidata.org/prop/direct/P5008,http://www.wikidata.org/entity/Q98755339,TP updated between September 2019 and August 2020
http://www.wikidata.org/entity/Q61962929,Cecily Wells,p2624.htm#i26239,1430-01-01T00:00:00Z,1465-01-01T00:00:00Z,,http://www.wikidata.org/prop/direct/P569,http://www.wikidata.org/prop/direct/P569,1430-01-01T00:00:00Z,1430-01-01T00:00:00Z
http://www.wikidata.org/entity/Q61962929,Cecily Wells,p2624.htm#i26239,1430-01-01T00:00:00Z,1465-01-01T00:00:00Z,,http://www.wikidata.org/prop/direct/P570,http://www.wikidata.org/prop/direct/P570,1465-01-01T00:00:00Z,1465-01-01T00:00:00Z
http://www.wikidata.org/entity/Q61962929,Cecily Wells,p2624.htm#i26239,1430-01-01T00:00:00Z,1465-01-01T00:00:00Z,,http://www.wikidata.org/prop/direct/P734,http://www.wikidata.org/prop/direct/P734,http://www.wikidata.org/entity/Q13583397,Wells
http://www.wikidata.org/entity/Q61962932,Lucy Lestrange,p1679.htm#i16783,1367-01-01T00:00:00Z,1405-01-01T00:00:00Z,,http://www.wikidata.org/prop/direct/P21,http://www.wikidata.org/prop/direct/P21,http://www.wikidata.org/entity/Q6581072,female
http://www.wikidata.org/entity/Q61962932,Lucy Lestrange,p1679.htm#i16783,1367-01-01T00:00:00Z,1405-01-01T00:00:00Z,,http://www.wikidata.org/prop/direct/P22,http://www.wikidata.org/prop/direct/P22,http://www.wikidata.org/entity/Q61962943,"Roger le Strange, 5th Baron Strange"
http://www.wikidata.org/entity/Q61962932,Lucy Lestrange,p1679.htm#i16783,1367-01-01T00:00:00Z,1405-01-01T00:00:00Z,,http://www.wikidata.org/prop/direct/P25,http://www.wikidata.org/prop/direct/P25,http://www.wikidata.org/entity/Q61962945,Aline Fitzalan
http://www.wikidata.org/entity/Q61962932,Lucy Lestrange,p1679.htm#i16783,1367-01-01T00:00:00Z,1405-01-01T00:00:00Z,,http://www.wikidata.org/prop/direct/P26,http://www.wikidata.org/prop/direct/P26,http://www.wikidata.org/entity/Q2581065,"William Willoughby, 5th Baron Willoughby de Eresby"
http://www.wikidata.org/entity/Q61962932,Lucy Lestrange,p1679.htm#i16783,1367-01-01T00:00:00Z,1405-01-01T00:00:00Z,,http://www.wikidata.org/prop/direct/P31,http://www.wikidata.org/prop/direct/P31,http://www.wikidata.org/entity/Q5,human
http://www.wikidata.org/entity/Q61962932,Lucy Lestrange,p1679.htm#i16783,1367-01-01T00:00:00Z,1405-01-01T00:00:00Z,,http://www.wikidata.org/prop/direct/P40,http://www.wikidata.org/prop/direct/P40,http://www.wikidata.org/entity/Q2159225,"Robert Willoughby, 6th Baron Willoughby de Eresby"
http://www.wikidata.org/entity/Q61962932,Lucy Lestrange,p1679.htm#i16783,1367-01-01T00:00:00Z,1405-01-01T00:00:00Z,,http://www.wikidata.org/prop/direct/P40,http://www.wikidata.org/prop/direct/P40,http://www.wikidata.org/entity/Q61962934,Sir Thomas Willoughby
http://www.wikidata.org/entity/Q61962932,Lucy Lestrange,p1679.htm#i16783,1367-01-01T00:00:00Z,1405-01-01T00:00:00Z,,http://www.wikidata.org/prop/direct/P40,http://www.wikidata.org/prop/direct/P40,http://www.wikidata.org/entity/Q75241186,Marjery Willoughby
http://www.wikidata.org/entity/Q61962932,Lucy Lestrange,p1679.htm#i16783,1367-01-01T00:00:00Z,1405-01-01T00:00:00Z,,http://www.wikidata.org/prop/direct/P40,http://www.wikidata.org/prop/direct/P40,http://www.wikidata.org/entity/Q75268130,Elizabeth Willoughby
http://www.wikidata.org/entity/Q61962932,Lucy Lestrange,p1679.htm#i16783,1367-01-01T00:00:00Z,1405-01-01T00:00:00Z,,http://www.wikidata.org/prop/direct/P40,http://www.wikidata.org/prop/direct/P40,http://www.wikidata.org/entity/Q76169677,Margaret Willoughby
http://www.wikidata.org/entity/Q61962932,Lucy Lestrange,p1679.htm#i16783,1367-01-01T00:00:00Z,1405-01-01T00:00:00Z,,http://www.wikidata.org/prop/direct/P1185,http://www.wikidata.org/prop/direct/P1185,463928,463928
http://www.wikidata.org/entity/Q61962932,Lucy Lestrange,p1679.htm#i16783,1367-01-01T00:00:00Z,1405-01-01T00:00:00Z,,http://www.wikidata.org/prop/direct/P1819,http://www.wikidata.org/prop/direct/P1819,I00109037,I00109037
http://www.wikidata.org/entity/Q61962932,Lucy Lestrange,p1679.htm#i16783,1367-01-01T00:00:00Z,1405-01-01T00:00:00Z,,http://www.wikidata.org/prop/direct/P2949,http://www.wikidata.org/prop/direct/P2949,Strange-477,Strange-477
http://www.wikidata.org/entity/Q61962932,Lucy Lestrange,p1679.htm#i16783,1367-01-01T00:00:00Z,1405-01-01T00:00:00Z,,http://www.wikidata.org/prop/direct/P4638,http://www.wikidata.org/prop/direct/P4638,p1679.htm#i16783,p1679.htm#i16783
http://www.wikidata.org/entity/Q61962932,Lucy Lestrange,p1679.htm#i16783,1367-01-01T00:00:00Z,1405-01-01T00:00:00Z,,http://www.wikidata.org/prop/direct/P5008,http://www.wikidata.org/prop/direct/P5008,http://www.wikidata.org/entity/Q98755339,TP updated between September 2019 and August 2020
http://www.wikidata.org/entity/Q61962932,Lucy Lestrange,p1679.htm#i16783,1367-01-01T00:00:00Z,1405-01-01T00:00:00Z,,http://www.wikidata.org/prop/direct/P569,http://www.wikidata.org/prop/direct/P569,1367-01-01T00:00:00Z,1367-01-01T00:00:00Z
http://www.wikidata.org/entity/Q61962932,Lucy Lestrange,p1679.htm#i16783,1367-01-01T00:00:00Z,1405-01-01T00:00:00Z,,http://www.wikidata.org/prop/direct/P570,http://www.wikidata.org/prop/direct/P570,1405-01-01T00:00:00Z,1405-01-01T00:00:00Z
http://www.wikidata.org/entity/Q61962932,Lucy Lestrange,p1679.htm#i16783,1367-01-01T00:00:00Z,1405-01-01T00:00:00Z,,http://www.wikidata.org/prop/direct/P735,http://www.wikidata.org/prop/direct/P735,http://www.wikidata.org/entity/Q13365715,Lucy
http://www.wikidata.org/entity/Q61962934,Sir Thomas Willoughby,p1687.htm#i16869,1387-01-01T00:00:00Z,1432-01-01T00:00:00Z,,http://www.wikidata.org/prop/direct/P21,http://www.wikidata.org/prop/direct/P21,http://www.wikidata.org/entity/Q6581097,male
http://www.wikidata.org/entity/Q61962934,Sir Thomas Willoughby,p1687.htm#i16869,1387-01-01T00:00:00Z,1432-01-01T00:00:00Z,,http://www.wikidata.org/prop/direct/P22,http://www.wikidata.org/prop/direct/P22,http://www.wikidata.org/entity/Q2581065,"William Willoughby, 5th Baron Willoughby de Eresby"
http://www.wikidata.org/entity/Q61962934,Sir Thomas Willoughby,p1687.htm#i16869,1387-01-01T00:00:00Z,1432-01-01T00:00:00Z,,http://www.wikidata.org/prop/direct/P25,http://www.wikidata.org/prop/direct/P25,http://www.wikidata.org/entity/Q61962932,Lucy Lestrange
http://www.wikidata.org/entity/Q61962934,Sir Thomas Willoughby,p1687.htm#i16869,1387-01-01T00:00:00Z,1432-01-01T00:00:00Z,,http://www.wikidata.org/prop/direct/P26,http://www.wikidata.org/prop/direct/P26,http://www.wikidata.org/entity/Q61962935,Joan Arundell
http://www.wikidata.org/entity/Q61962934,Sir Thomas Willoughby,p1687.htm#i16869,1387-01-01T00:00:00Z,1432-01-01T00:00:00Z,,http://www.wikidata.org/prop/direct/P31,http://www.wikidata.org/prop/direct/P31,http://www.wikidata.org/entity/Q5,human
http://www.wikidata.org/entity/Q61962934,Sir Thomas Willoughby,p1687.htm#i16869,1387-01-01T00:00:00Z,1432-01-01T00:00:00Z,,http://www.wikidata.org/prop/direct/P40,http://www.wikidata.org/prop/direct/P40,http://www.wikidata.org/entity/Q61962928,Sir Robert Willoughby
http://www.wikidata.org/entity/Q61962934,Sir Thomas Willoughby,p1687.htm#i16869,1387-01-01T00:00:00Z,1432-01-01T00:00:00Z,,http://www.wikidata.org/prop/direct/P40,http://www.wikidata.org/prop/direct/P40,http://www.wikidata.org/entity/Q75240542,Sir William Willoughby
http://www.wikidata.org/entity/Q61962934,Sir Thomas Willoughby,p1687.htm#i16869,1387-01-01T00:00:00Z,1432-01-01T00:00:00Z,,http://www.wikidata.org/prop/direct/P1185,http://www.wikidata.org/prop/direct/P1185,1310370,1310370
http://www.wikidata.org/entity/Q61962934,Sir Thomas Willoughby,p1687.htm#i16869,1387-01-01T00:00:00Z,1432-01-01T00:00:00Z,,http://www.wikidata.org/prop/direct/P1819,http://www.wikidata.org/prop/direct/P1819,I00109038,I00109038
http://www.wikidata.org/entity/Q61962934,Sir Thomas Willoughby,p1687.htm#i16869,1387-01-01T00:00:00Z,1432-01-01T00:00:00Z,,http://www.wikidata.org/prop/direct/P2600,http://www.wikidata.org/prop/direct/P2600,6000000002908617931,6000000002908617931
http://www.wikidata.org/entity/Q61962934,Sir Thomas Willoughby,p1687.htm#i16869,1387-01-01T00:00:00Z,1432-01-01T00:00:00Z,,http://www.wikidata.org/prop/direct/P2949,http://www.wikidata.org/prop/direct/P2949,Willoughby-66,Willoughby-66
http://www.wikidata.org/entity/Q61962934,Sir Thomas Willoughby,p1687.htm#i16869,1387-01-01T00:00:00Z,1432-01-01T00:00:00Z,,http://www.wikidata.org/prop/direct/P4159,http://www.wikidata.org/prop/direct/P4159,Thomas_Willoughby_(2),Thomas_Willoughby_(2)
http://www.wikidata.org/entity/Q61962934,Sir Thomas Willoughby,p1687.htm#i16869,1387-01-01T00:00:00Z,1432-01-01T00:00:00Z,,http://www.wikidata.org/prop/direct/P4638,http://www.wikidata.org/prop/direct/P4638,p1687.htm#i16869,p1687.htm#i16869
http://www.wikidata.org/entity/Q61962934,Sir Thomas Willoughby,p1687.htm#i16869,1387-01-01T00:00:00Z,1432-01-01T00:00:00Z,,http://www.wikidata.org/prop/direct/P5008,http://www.wikidata.org/prop/direct/P5008,http://www.wikidata.org/entity/Q98755339,TP updated between September 2019 and August 2020
http://www.wikidata.org/entity/Q61962934,Sir Thomas Willoughby,p1687.htm#i16869,1387-01-01T00:00:00Z,1432-01-01T00:00:00Z,,http://www.wikidata.org/prop/direct/P569,http://www.wikidata.org/prop/direct/P569,1387-01-01T00:00:00Z,1387-01-01T00:00:00Z
http://www.wikidata.org/entity/Q61962934,Sir Thomas Willoughby,p1687.htm#i16869,1387-01-01T00:00:00Z,1432-01-01T00:00:00Z,,http://www.wikidata.org/prop/direct/P570,http://www.wikidata.org/prop/direct/P570,1432-01-01T00:00:00Z,1432-01-01T00:00:00Z
http://www.wikidata.org/entity/Q61962934,Sir Thomas Willoughby,p1687.htm#i16869,1387-01-01T00:00:00Z,1432-01-01T00:00:00Z,,http://www.wikidata.org/prop/direct/P734,http://www.wikidata.org/prop/direct/P734,http://www.wikidata.org/entity/Q29546788,Willoughby
http://www.wikidata.org/entity/Q61962934,Sir Thomas Willoughby,p1687.htm#i16869,1387-01-01T00:00:00Z,1432-01-01T00:00:00Z,,http://www.wikidata.org/prop/direct/P735,http://www.wikidata.org/prop/direct/P735,http://www.wikidata.org/entity/Q16428906,Thomas
http://www.wikidata.org/entity/Q61962936,Alice Skipwith,p1659.htm#i16586,1355-01-01T00:00:00Z,1412-01-01T00:00:00Z,,http://www.wikidata.org/prop/direct/P21,http://www.wikidata.org/prop/direct/P21,http://www.wikidata.org/entity/Q6581072,female
http://www.wikidata.org/entity/Q61962936,Alice Skipwith,p1659.htm#i16586,1355-01-01T00:00:00Z,1412-01-01T00:00:00Z,,http://www.wikidata.org/prop/direct/P22,http://www.wikidata.org/prop/direct/P22,http://www.wikidata.org/entity/Q8020824,William de Skipwith
http://www.wikidata.org/entity/Q61962936,Alice Skipwith,p1659.htm#i16586,1355-01-01T00:00:00Z,1412-01-01T00:00:00Z,,http://www.wikidata.org/prop/direct/P25,http://www.wikidata.org/prop/direct/P25,http://www.wikidata.org/entity/Q76169645,Alice de Hiltoft
http://www.wikidata.org/entity/Q61962936,Alice Skipwith,p1659.htm#i16586,1355-01-01T00:00:00Z,1412-01-01T00:00:00Z,,http://www.wikidata.org/prop/direct/P26,http://www.wikidata.org/prop/direct/P26,http://www.wikidata.org/entity/Q18527485,"Robert Willoughby, 4th Baron Willoughby"
http://www.wikidata.org/entity/Q61962936,Alice Skipwith,p1659.htm#i16586,1355-01-01T00:00:00Z,1412-01-01T00:00:00Z,,http://www.wikidata.org/prop/direct/P31,http://www.wikidata.org/prop/direct/P31,http://www.wikidata.org/entity/Q5,human
http://www.wikidata.org/entity/Q61962936,Alice Skipwith,p1659.htm#i16586,1355-01-01T00:00:00Z,1412-01-01T00:00:00Z,,http://www.wikidata.org/prop/direct/P40,http://www.wikidata.org/prop/direct/P40,http://www.wikidata.org/entity/Q2581065,"William Willoughby, 5th Baron Willoughby de Eresby"
http://www.wikidata.org/entity/Q61962936,Alice Skipwith,p1659.htm#i16586,1355-01-01T00:00:00Z,1412-01-01T00:00:00Z,,http://www.wikidata.org/prop/direct/P2949,http://www.wikidata.org/prop/direct/P2949,Skipwith-4,Skipwith-4
http://www.wikidata.org/entity/Q61962936,Alice Skipwith,p1659.htm#i16586,1355-01-01T00:00:00Z,1412-01-01T00:00:00Z,,http://www.wikidata.org/prop/direct/P4638,http://www.wikidata.org/prop/direct/P4638,p1659.htm#i16586,p1659.htm#i16586
http://www.wikidata.org/entity/Q61962936,Alice Skipwith,p1659.htm#i16586,1355-01-01T00:00:00Z,1412-01-01T00:00:00Z,,http://www.wikidata.org/prop/direct/P5008,http://www.wikidata.org/prop/direct/P5008,http://www.wikidata.org/entity/Q98755339,TP updated between September 2019 and August 2020
http://www.wikidata.org/entity/Q61962936,Alice Skipwith,p1659.htm#i16586,1355-01-01T00:00:00Z,1412-01-01T00:00:00Z,,http://www.wikidata.org/prop/direct/P569,http://www.wikidata.org/prop/direct/P569,1355-01-01T00:00:00Z,1355-01-01T00:00:00Z
http://www.wikidata.org/entity/Q61962936,Alice Skipwith,p1659.htm#i16586,1355-01-01T00:00:00Z,1412-01-01T00:00:00Z,,http://www.wikidata.org/prop/direct/P570,http://www.wikidata.org/prop/direct/P570,1412-01-01T00:00:00Z,1412-01-01T00:00:00Z
http://www.wikidata.org/entity/Q61962936,Alice Skipwith,p1659.htm#i16586,1355-01-01T00:00:00Z,1412-01-01T00:00:00Z,,http://www.wikidata.org/prop/direct/P734,http://www.wikidata.org/prop/direct/P734,http://www.wikidata.org/entity/Q7535869,Skipwith
http://www.wikidata.org/entity/Q61962936,Alice Skipwith,p1659.htm#i16586,1355-01-01T00:00:00Z,1412-01-01T00:00:00Z,,http://www.wikidata.org/prop/direct/P735,http://www.wikidata.org/prop/direct/P735,http://www.wikidata.org/entity/Q650689,Alice
http://www.wikidata.org/entity/Q61962943,"Roger le Strange, 5th Baron Strange",p4727.htm#i47264,1327-01-01T00:00:00Z,1382-01-01T00:00:00Z,,http://www.wikidata.org/prop/direct/P21,http://www.wikidata.org/prop/direct/P21,http://www.wikidata.org/entity/Q6581097,male
http://www.wikidata.org/entity/Q61962943,"Roger le Strange, 5th Baron Strange",p4727.htm#i47264,1327-01-01T00:00:00Z,1382-01-01T00:00:00Z,,http://www.wikidata.org/prop/direct/P22,http://www.wikidata.org/prop/direct/P22,http://www.wikidata.org/entity/Q61911186,"Roger Lestrange, 4th Lord Strange"
http://www.wikidata.org/entity/Q61962943,"Roger le Strange, 5th Baron Strange",p4727.htm#i47264,1327-01-01T00:00:00Z,1382-01-01T00:00:00Z,,http://www.wikidata.org/prop/direct/P25,http://www.wikidata.org/prop/direct/P25,http://www.wikidata.org/entity/Q76154640,Maud (?)
http://www.wikidata.org/entity/Q61962943,"Roger le Strange, 5th Baron Strange",p4727.htm#i47264,1327-01-01T00:00:00Z,1382-01-01T00:00:00Z,,http://www.wikidata.org/prop/direct/P26,http://www.wikidata.org/prop/direct/P26,http://www.wikidata.org/entity/Q61962945,Aline Fitzalan
http://www.wikidata.org/entity/Q61962943,"Roger le Strange, 5th Baron Strange",p4727.htm#i47264,1327-01-01T00:00:00Z,1382-01-01T00:00:00Z,,http://www.wikidata.org/prop/direct/P31,http://www.wikidata.org/prop/direct/P31,http://www.wikidata.org/entity/Q5,human
http://www.wikidata.org/entity/Q61962943,"Roger le Strange, 5th Baron Strange",p4727.htm#i47264,1327-01-01T00:00:00Z,1382-01-01T00:00:00Z,,http://www.wikidata.org/prop/direct/P40,http://www.wikidata.org/prop/direct/P40,http://www.wikidata.org/entity/Q110521016,Joan le Strange
http://www.wikidata.org/entity/Q61962943,"Roger le Strange, 5th Baron Strange",p4727.htm#i47264,1327-01-01T00:00:00Z,1382-01-01T00:00:00Z,,http://www.wikidata.org/prop/direct/P40,http://www.wikidata.org/prop/direct/P40,http://www.wikidata.org/entity/Q51862057,Roger Strange
http://www.wikidata.org/entity/Q61962943,"Roger le Strange, 5th Baron Strange",p4727.htm#i47264,1327-01-01T00:00:00Z,1382-01-01T00:00:00Z,,http://www.wikidata.org/prop/direct/P40,http://www.wikidata.org/prop/direct/P40,http://www.wikidata.org/entity/Q61962932,Lucy Lestrange
http://www.wikidata.org/entity/Q61962943,"Roger le Strange, 5th Baron Strange",p4727.htm#i47264,1327-01-01T00:00:00Z,1382-01-01T00:00:00Z,,http://www.wikidata.org/prop/direct/P40,http://www.wikidata.org/prop/direct/P40,http://www.wikidata.org/entity/Q75299012,Isabel LeStrange
http://www.wikidata.org/entity/Q61962943,"Roger le Strange, 5th Baron Strange",p4727.htm#i47264,1327-01-01T00:00:00Z,1382-01-01T00:00:00Z,,http://www.wikidata.org/prop/direct/P40,http://www.wikidata.org/prop/direct/P40,http://www.wikidata.org/entity/Q76154646,"John Lestrange, 6th Lord Strange (of Knokyn)"
http://www.wikidata.org/entity/Q61962943,"Roger le Strange, 5th Baron Strange",p4727.htm#i47264,1327-01-01T00:00:00Z,1382-01-01T00:00:00Z,,http://www.wikidata.org/prop/direct/P1185,http://www.wikidata.org/prop/direct/P1185,463930,463930
http://www.wikidata.org/entity/Q61962943,"Roger le Strange, 5th Baron Strange",p4727.htm#i47264,1327-01-01T00:00:00Z,1382-01-01T00:00:00Z,,http://www.wikidata.org/prop/direct/P1819,http://www.wikidata.org/prop/direct/P1819,I00026854,I00026854
http://www.wikidata.org/entity/Q61962943,"Roger le Strange, 5th Baron Strange",p4727.htm#i47264,1327-01-01T00:00:00Z,1382-01-01T00:00:00Z,,http://www.wikidata.org/prop/direct/P2949,http://www.wikidata.org/prop/direct/P2949,Strange-128,Strange-128
http://www.wikidata.org/entity/Q61962943,"Roger le Strange, 5th Baron Strange",p4727.htm#i47264,1327-01-01T00:00:00Z,1382-01-01T00:00:00Z,,http://www.wikidata.org/prop/direct/P4159,http://www.wikidata.org/prop/direct/P4159,Roger_Strange_(1),Roger_Strange_(1)
http://www.wikidata.org/entity/Q61962943,"Roger le Strange, 5th Baron Strange",p4727.htm#i47264,1327-01-01T00:00:00Z,1382-01-01T00:00:00Z,,http://www.wikidata.org/prop/direct/P4638,http://www.wikidata.org/prop/direct/P4638,p4727.htm#i47264,p4727.htm#i47264
http://www.wikidata.org/entity/Q61962943,"Roger le Strange, 5th Baron Strange",p4727.htm#i47264,1327-01-01T00:00:00Z,1382-01-01T00:00:00Z,,http://www.wikidata.org/prop/direct/P569,http://www.wikidata.org/prop/direct/P569,1327-01-01T00:00:00Z,1327-01-01T00:00:00Z
http://www.wikidata.org/entity/Q61962943,"Roger le Strange, 5th Baron Strange",p4727.htm#i47264,1327-01-01T00:00:00Z,1382-01-01T00:00:00Z,,http://www.wikidata.org/prop/direct/P570,http://www.wikidata.org/prop/direct/P570,1382-01-01T00:00:00Z,1382-01-01T00:00:00Z
http://www.wikidata.org/entity/Q61962943,"Roger le Strange, 5th Baron Strange",p4727.htm#i47264,1327-01-01T00:00:00Z,1382-01-01T00:00:00Z,,http://www.wikidata.org/prop/direct/P735,http://www.wikidata.org/prop/direct/P735,http://www.wikidata.org/entity/Q4925304,Roger
http://www.wikidata.org/entity/Q61962943,"Roger le Strange, 5th Baron Strange",p4727.htm#i47264,1327-01-01T00:00:00Z,1382-01-01T00:00:00Z,,http://www.wikidata.org/prop/direct/P7929,http://www.wikidata.org/prop/direct/P7929,p=roger;n=le strange,p=roger;n=le strange
http://www.wikidata.org/entity/Q61962945,Aline Fitzalan,p1679.htm#i16784,1314-01-01T00:00:00Z,1386-01-20T00:00:00Z,,http://www.wikidata.org/prop/direct/P21,http://www.wikidata.org/prop/direct/P21,http://www.wikidata.org/entity/Q6581072,female
http://www.wikidata.org/entity/Q61962945,Aline Fitzalan,p1679.htm#i16784,1314-01-01T00:00:00Z,1386-01-20T00:00:00Z,,http://www.wikidata.org/prop/direct/P22,http://www.wikidata.org/prop/direct/P22,http://www.wikidata.org/entity/Q2004845,"Edmund FitzAlan, 9th Earl of Arundel"
http://www.wikidata.org/entity/Q61962945,Aline Fitzalan,p1679.htm#i16784,1314-01-01T00:00:00Z,1386-01-20T00:00:00Z,,http://www.wikidata.org/prop/direct/P25,http://www.wikidata.org/prop/direct/P25,http://www.wikidata.org/entity/Q4726175,"Alice de Warenne, Countess of Arundel"
http://www.wikidata.org/entity/Q61962945,Aline Fitzalan,p1679.htm#i16784,1314-01-01T00:00:00Z,1386-01-20T00:00:00Z,,http://www.wikidata.org/prop/direct/P26,http://www.wikidata.org/prop/direct/P26,http://www.wikidata.org/entity/Q61962943,"Roger le Strange, 5th Baron Strange"
http://www.wikidata.org/entity/Q61962945,Aline Fitzalan,p1679.htm#i16784,1314-01-01T00:00:00Z,1386-01-20T00:00:00Z,,http://www.wikidata.org/prop/direct/P31,http://www.wikidata.org/prop/direct/P31,http://www.wikidata.org/entity/Q5,human
http://www.wikidata.org/entity/Q61962945,Aline Fitzalan,p1679.htm#i16784,1314-01-01T00:00:00Z,1386-01-20T00:00:00Z,,http://www.wikidata.org/prop/direct/P40,http://www.wikidata.org/prop/direct/P40,http://www.wikidata.org/entity/Q110521016,Joan le Strange
http://www.wikidata.org/entity/Q61962945,Aline Fitzalan,p1679.htm#i16784,1314-01-01T00:00:00Z,1386-01-20T00:00:00Z,,http://www.wikidata.org/prop/direct/P40,http://www.wikidata.org/prop/direct/P40,http://www.wikidata.org/entity/Q61962932,Lucy Lestrange
http://www.wikidata.org/entity/Q61962945,Aline Fitzalan,p1679.htm#i16784,1314-01-01T00:00:00Z,1386-01-20T00:00:00Z,,http://www.wikidata.org/prop/direct/P40,http://www.wikidata.org/prop/direct/P40,http://www.wikidata.org/entity/Q76154646,"John Lestrange, 6th Lord Strange (of Knokyn)"
http://www.wikidata.org/entity/Q61962945,Aline Fitzalan,p1679.htm#i16784,1314-01-01T00:00:00Z,1386-01-20T00:00:00Z,,http://www.wikidata.org/prop/direct/P1185,http://www.wikidata.org/prop/direct/P1185,463931,463931
http://www.wikidata.org/entity/Q61962945,Aline Fitzalan,p1679.htm#i16784,1314-01-01T00:00:00Z,1386-01-20T00:00:00Z,,http://www.wikidata.org/prop/direct/P1819,http://www.wikidata.org/prop/direct/P1819,I00026705,I00026705
http://www.wikidata.org/entity/Q61962945,Aline Fitzalan,p1679.htm#i16784,1314-01-01T00:00:00Z,1386-01-20T00:00:00Z,,http://www.wikidata.org/prop/direct/P2949,http://www.wikidata.org/prop/direct/P2949,FitzAlan-619,FitzAlan-619
http://www.wikidata.org/entity/Q61962945,Aline Fitzalan,p1679.htm#i16784,1314-01-01T00:00:00Z,1386-01-20T00:00:00Z,,http://www.wikidata.org/prop/direct/P4159,http://www.wikidata.org/prop/direct/P4159,Aline_Fitzalan_(1),Aline_Fitzalan_(1)
http://www.wikidata.org/entity/Q61962945,Aline Fitzalan,p1679.htm#i16784,1314-01-01T00:00:00Z,1386-01-20T00:00:00Z,,http://www.wikidata.org/prop/direct/P4638,http://www.wikidata.org/prop/direct/P4638,p1679.htm#i16784,p1679.htm#i16784
http://www.wikidata.org/entity/Q61962945,Aline Fitzalan,p1679.htm#i16784,1314-01-01T00:00:00Z,1386-01-20T00:00:00Z,,http://www.wikidata.org/prop/direct/P569,http://www.wikidata.org/prop/direct/P569,1314-01-01T00:00:00Z,1314-01-01T00:00:00Z
http://www.wikidata.org/entity/Q61962945,Aline Fitzalan,p1679.htm#i16784,1314-01-01T00:00:00Z,1386-01-20T00:00:00Z,,http://www.wikidata.org/prop/direct/P570,http://www.wikidata.org/prop/direct/P570,1386-01-20T00:00:00Z,1386-01-20T00:00:00Z
http://www.wikidata.org/entity/Q61962945,Aline Fitzalan,p1679.htm#i16784,1314-01-01T00:00:00Z,1386-01-20T00:00:00Z,,http://www.wikidata.org/prop/direct/P735,http://www.wikidata.org/prop/direct/P735,http://www.wikidata.org/entity/Q18180444,Aline
http://www.wikidata.org/entity/Q61962945,Aline Fitzalan,p1679.htm#i16784,1314-01-01T00:00:00Z,1386-01-20T00:00:00Z,,http://www.wikidata.org/prop/direct/P7929,http://www.wikidata.org/prop/direct/P7929,p=eleanor;n=fitzalan;oc=2,p=eleanor;n=fitzalan;oc=2
http://www.wikidata.org/entity/Q61962996,Eudo de Welles,p17615.htm#i176145,1387-01-01T00:00:00Z,1417-01-01T00:00:00Z,,http://www.wikidata.org/prop/direct/P21,http://www.wikidata.org/prop/direct/P21,http://www.wikidata.org/entity/Q6581097,male
http://www.wikidata.org/entity/Q61962996,Eudo de Welles,p17615.htm#i176145,1387-01-01T00:00:00Z,1417-01-01T00:00:00Z,,http://www.wikidata.org/prop/direct/P22,http://www.wikidata.org/prop/direct/P22,http://www.wikidata.org/entity/Q6265670,"John de Welles, 5th Baron Welles"
http://www.wikidata.org/entity/Q61962996,Eudo de Welles,p17615.htm#i176145,1387-01-01T00:00:00Z,1417-01-01T00:00:00Z,,http://www.wikidata.org/prop/direct/P25,http://www.wikidata.org/prop/direct/P25,http://www.wikidata.org/entity/Q5354429,Eleanor de Mowbray
http://www.wikidata.org/entity/Q61962996,Eudo de Welles,p17615.htm#i176145,1387-01-01T00:00:00Z,1417-01-01T00:00:00Z,,http://www.wikidata.org/prop/direct/P26,http://www.wikidata.org/prop/direct/P26,http://www.wikidata.org/entity/Q61962999,Maud Greystoke
http://www.wikidata.org/entity/Q61962996,Eudo de Welles,p17615.htm#i176145,1387-01-01T00:00:00Z,1417-01-01T00:00:00Z,,http://www.wikidata.org/prop/direct/P31,http://www.wikidata.org/prop/direct/P31,http://www.wikidata.org/entity/Q5,human
http://www.wikidata.org/entity/Q61962996,Eudo de Welles,p17615.htm#i176145,1387-01-01T00:00:00Z,1417-01-01T00:00:00Z,,http://www.wikidata.org/prop/direct/P40,http://www.wikidata.org/prop/direct/P40,http://www.wikidata.org/entity/Q6555844,"Lionel de Welles, 6th Baron Welles"
http://www.wikidata.org/entity/Q61962996,Eudo de Welles,p17615.htm#i176145,1387-01-01T00:00:00Z,1417-01-01T00:00:00Z,,http://www.wikidata.org/prop/direct/P40,http://www.wikidata.org/prop/direct/P40,http://www.wikidata.org/entity/Q8020163,William Welles
http://www.wikidata.org/entity/Q61962996,Eudo de Welles,p17615.htm#i176145,1387-01-01T00:00:00Z,1417-01-01T00:00:00Z,,http://www.wikidata.org/prop/direct/P1819,http://www.wikidata.org/prop/direct/P1819,I00027657,I00027657
http://www.wikidata.org/entity/Q61962996,Eudo de Welles,p17615.htm#i176145,1387-01-01T00:00:00Z,1417-01-01T00:00:00Z,,http://www.wikidata.org/prop/direct/P2949,http://www.wikidata.org/prop/direct/P2949,Welles-186,Welles-186
http://www.wikidata.org/entity/Q61962996,Eudo de Welles,p17615.htm#i176145,1387-01-01T00:00:00Z,1417-01-01T00:00:00Z,,http://www.wikidata.org/prop/direct/P4638,http://www.wikidata.org/prop/direct/P4638,p17615.htm#i176145,p17615.htm#i176145
http://www.wikidata.org/entity/Q61962996,Eudo de Welles,p17615.htm#i176145,1387-01-01T00:00:00Z,1417-01-01T00:00:00Z,,http://www.wikidata.org/prop/direct/P569,http://www.wikidata.org/prop/direct/P569,1387-01-01T00:00:00Z,1387-01-01T00:00:00Z
http://www.wikidata.org/entity/Q61962996,Eudo de Welles,p17615.htm#i176145,1387-01-01T00:00:00Z,1417-01-01T00:00:00Z,,http://www.wikidata.org/prop/direct/P570,http://www.wikidata.org/prop/direct/P570,1417-01-01T00:00:00Z,1417-01-01T00:00:00Z
http://www.wikidata.org/entity/Q61962999,Maud Greystoke,p17615.htm#i176146,1390-01-01T00:00:00Z,1416-01-01T00:00:00Z,,http://www.wikidata.org/prop/direct/P21,http://www.wikidata.org/prop/direct/P21,http://www.wikidata.org/entity/Q6581072,female
http://www.wikidata.org/entity/Q61962999,Maud Greystoke,p17615.htm#i176146,1390-01-01T00:00:00Z,1416-01-01T00:00:00Z,,http://www.wikidata.org/prop/direct/P22,http://www.wikidata.org/prop/direct/P22,http://www.wikidata.org/entity/Q16863383,"Ralph de Greystoke, 3rd Baron Greystoke"
http://www.wikidata.org/entity/Q61962999,Maud Greystoke,p17615.htm#i176146,1390-01-01T00:00:00Z,1416-01-01T00:00:00Z,,http://www.wikidata.org/prop/direct/P25,http://www.wikidata.org/prop/direct/P25,http://www.wikidata.org/entity/Q61971054,Katherine de Clifford
http://www.wikidata.org/entity/Q61962999,Maud Greystoke,p17615.htm#i176146,1390-01-01T00:00:00Z,1416-01-01T00:00:00Z,,http://www.wikidata.org/prop/direct/P26,http://www.wikidata.org/prop/direct/P26,http://www.wikidata.org/entity/Q61962996,Eudo de Welles
http://www.wikidata.org/entity/Q61962999,Maud Greystoke,p17615.htm#i176146,1390-01-01T00:00:00Z,1416-01-01T00:00:00Z,,http://www.wikidata.org/prop/direct/P31,http://www.wikidata.org/prop/direct/P31,http://www.wikidata.org/entity/Q5,human
http://www.wikidata.org/entity/Q61962999,Maud Greystoke,p17615.htm#i176146,1390-01-01T00:00:00Z,1416-01-01T00:00:00Z,,http://www.wikidata.org/prop/direct/P40,http://www.wikidata.org/prop/direct/P40,http://www.wikidata.org/entity/Q6555844,"Lionel de Welles, 6th Baron Welles"
http://www.wikidata.org/entity/Q61962999,Maud Greystoke,p17615.htm#i176146,1390-01-01T00:00:00Z,1416-01-01T00:00:00Z,,http://www.wikidata.org/prop/direct/P40,http://www.wikidata.org/prop/direct/P40,http://www.wikidata.org/entity/Q8020163,William Welles
http://www.wikidata.org/entity/Q61962999,Maud Greystoke,p17615.htm#i176146,1390-01-01T00:00:00Z,1416-01-01T00:00:00Z,,http://www.wikidata.org/prop/direct/P1185,http://www.wikidata.org/prop/direct/P1185,144388,144388
http://www.wikidata.org/entity/Q61962999,Maud Greystoke,p17615.htm#i176146,1390-01-01T00:00:00Z,1416-01-01T00:00:00Z,,http://www.wikidata.org/prop/direct/P1819,http://www.wikidata.org/prop/direct/P1819,I00027658,I00027658
http://www.wikidata.org/entity/Q61962999,Maud Greystoke,p17615.htm#i176146,1390-01-01T00:00:00Z,1416-01-01T00:00:00Z,,http://www.wikidata.org/prop/direct/P2949,http://www.wikidata.org/prop/direct/P2949,Greystoke-35,Greystoke-35
http://www.wikidata.org/entity/Q61962999,Maud Greystoke,p17615.htm#i176146,1390-01-01T00:00:00Z,1416-01-01T00:00:00Z,,http://www.wikidata.org/prop/direct/P4638,http://www.wikidata.org/prop/direct/P4638,p17615.htm#i176146,p17615.htm#i176146
http://www.wikidata.org/entity/Q61962999,Maud Greystoke,p17615.htm#i176146,1390-01-01T00:00:00Z,1416-01-01T00:00:00Z,,http://www.wikidata.org/prop/direct/P569,http://www.wikidata.org/prop/direct/P569,1390-01-01T00:00:00Z,1390-01-01T00:00:00Z
http://www.wikidata.org/entity/Q61962999,Maud Greystoke,p17615.htm#i176146,1390-01-01T00:00:00Z,1416-01-01T00:00:00Z,,http://www.wikidata.org/prop/direct/P570,http://www.wikidata.org/prop/direct/P570,1416-01-01T00:00:00Z,1416-01-01T00:00:00Z
http://www.wikidata.org/entity/Q61962999,Maud Greystoke,p17615.htm#i176146,1390-01-01T00:00:00Z,1416-01-01T00:00:00Z,,http://www.wikidata.org/prop/direct/P735,http://www.wikidata.org/prop/direct/P735,http://www.wikidata.org/entity/Q1781876,Maud
http://www.wikidata.org/entity/Q61963012,John de Welles,p18915.htm#i189143,1334-08-23T00:00:00Z,1361-10-11T00:00:00Z,,http://www.wikidata.org/prop/direct/P21,http://www.wikidata.org/prop/direct/P21,http://www.wikidata.org/entity/Q6581097,male
http://www.wikidata.org/entity/Q61963012,John de Welles,p18915.htm#i189143,1334-08-23T00:00:00Z,1361-10-11T00:00:00Z,,http://www.wikidata.org/prop/direct/P22,http://www.wikidata.org/prop/direct/P22,http://www.wikidata.org/entity/Q61963016,"Adam de Welle, 3rd Lord Welles"
http://www.wikidata.org/entity/Q61963012,John de Welles,p18915.htm#i189143,1334-08-23T00:00:00Z,1361-10-11T00:00:00Z,,http://www.wikidata.org/prop/direct/P25,http://www.wikidata.org/prop/direct/P25,http://www.wikidata.org/entity/Q61963018,Margaret
http://www.wikidata.org/entity/Q61963012,John de Welles,p18915.htm#i189143,1334-08-23T00:00:00Z,1361-10-11T00:00:00Z,,http://www.wikidata.org/prop/direct/P26,http://www.wikidata.org/prop/direct/P26,http://www.wikidata.org/entity/Q61963014,Maud de Ros
http://www.wikidata.org/entity/Q61963012,John de Welles,p18915.htm#i189143,1334-08-23T00:00:00Z,1361-10-11T00:00:00Z,,http://www.wikidata.org/prop/direct/P31,http://www.wikidata.org/prop/direct/P31,http://www.wikidata.org/entity/Q5,human
http://www.wikidata.org/entity/Q61963012,John de Welles,p18915.htm#i189143,1334-08-23T00:00:00Z,1361-10-11T00:00:00Z,,http://www.wikidata.org/prop/direct/P40,http://www.wikidata.org/prop/direct/P40,http://www.wikidata.org/entity/Q4768196,"Anne Butler, Countess of Ormond"
http://www.wikidata.org/entity/Q61963012,John de Welles,p18915.htm#i189143,1334-08-23T00:00:00Z,1361-10-11T00:00:00Z,,http://www.wikidata.org/prop/direct/P40,http://www.wikidata.org/prop/direct/P40,http://www.wikidata.org/entity/Q6265670,"John de Welles, 5th Baron Welles"
http://www.wikidata.org/entity/Q61963012,John de Welles,p18915.htm#i189143,1334-08-23T00:00:00Z,1361-10-11T00:00:00Z,,http://www.wikidata.org/prop/direct/P40,http://www.wikidata.org/prop/direct/P40,http://www.wikidata.org/entity/Q76112239,Margery de Welles
http://www.wikidata.org/entity/Q61963012,John de Welles,p18915.htm#i189143,1334-08-23T00:00:00Z,1361-10-11T00:00:00Z,,http://www.wikidata.org/prop/direct/P1819,http://www.wikidata.org/prop/direct/P1819,I00027647,I00027647
http://www.wikidata.org/entity/Q61963012,John de Welles,p18915.htm#i189143,1334-08-23T00:00:00Z,1361-10-11T00:00:00Z,,http://www.wikidata.org/prop/direct/P2949,http://www.wikidata.org/prop/direct/P2949,Welles-185,Welles-185
http://www.wikidata.org/entity/Q61963012,John de Welles,p18915.htm#i189143,1334-08-23T00:00:00Z,1361-10-11T00:00:00Z,,http://www.wikidata.org/prop/direct/P4638,http://www.wikidata.org/prop/direct/P4638,p18915.htm#i189143,p18915.htm#i189143
http://www.wikidata.org/entity/Q61963012,John de Welles,p18915.htm#i189143,1334-08-23T00:00:00Z,1361-10-11T00:00:00Z,,http://www.wikidata.org/prop/direct/P569,http://www.wikidata.org/prop/direct/P569,1334-08-23T00:00:00Z,1334-08-23T00:00:00Z
http://www.wikidata.org/entity/Q61963012,John de Welles,p18915.htm#i189143,1334-08-23T00:00:00Z,1361-10-11T00:00:00Z,,http://www.wikidata.org/prop/direct/P570,http://www.wikidata.org/prop/direct/P570,1361-10-11T00:00:00Z,1361-10-11T00:00:00Z
http://www.wikidata.org/entity/Q61963012,John de Welles,p18915.htm#i189143,1334-08-23T00:00:00Z,1361-10-11T00:00:00Z,,http://www.wikidata.org/prop/direct/P735,http://www.wikidata.org/prop/direct/P735,http://www.wikidata.org/entity/Q4925477,John
http://www.wikidata.org/entity/Q61963014,Maud de Ros,p18915.htm#i189144,1333-01-01T00:00:00Z,1388-12-09T00:00:00Z,,http://www.wikidata.org/prop/direct/P21,http://www.wikidata.org/prop/direct/P21,http://www.wikidata.org/entity/Q6581072,female
http://www.wikidata.org/entity/Q61963014,Maud de Ros,p18915.htm#i189144,1333-01-01T00:00:00Z,1388-12-09T00:00:00Z,,http://www.wikidata.org/prop/direct/P22,http://www.wikidata.org/prop/direct/P22,http://www.wikidata.org/entity/Q168794,"William de Ros, 2nd Baron de Ros"
http://www.wikidata.org/entity/Q61963014,Maud de Ros,p18915.htm#i189144,1333-01-01T00:00:00Z,1388-12-09T00:00:00Z,,http://www.wikidata.org/prop/direct/P25,http://www.wikidata.org/prop/direct/P25,http://www.wikidata.org/entity/Q56372182,Margery of Badlesmere
http://www.wikidata.org/entity/Q61963014,Maud de Ros,p18915.htm#i189144,1333-01-01T00:00:00Z,1388-12-09T00:00:00Z,,http://www.wikidata.org/prop/direct/P26,http://www.wikidata.org/prop/direct/P26,http://www.wikidata.org/entity/Q61963012,John de Welles
http://www.wikidata.org/entity/Q61963014,Maud de Ros,p18915.htm#i189144,1333-01-01T00:00:00Z,1388-12-09T00:00:00Z,,http://www.wikidata.org/prop/direct/P31,http://www.wikidata.org/prop/direct/P31,http://www.wikidata.org/entity/Q5,human
http://www.wikidata.org/entity/Q61963014,Maud de Ros,p18915.htm#i189144,1333-01-01T00:00:00Z,1388-12-09T00:00:00Z,,http://www.wikidata.org/prop/direct/P40,http://www.wikidata.org/prop/direct/P40,http://www.wikidata.org/entity/Q4768196,"Anne Butler, Countess of Ormond"
http://www.wikidata.org/entity/Q61963014,Maud de Ros,p18915.htm#i189144,1333-01-01T00:00:00Z,1388-12-09T00:00:00Z,,http://www.wikidata.org/prop/direct/P40,http://www.wikidata.org/prop/direct/P40,http://www.wikidata.org/entity/Q6265670,"John de Welles, 5th Baron Welles"
http://www.wikidata.org/entity/Q61963014,Maud de Ros,p18915.htm#i189144,1333-01-01T00:00:00Z,1388-12-09T00:00:00Z,,http://www.wikidata.org/prop/direct/P40,http://www.wikidata.org/prop/direct/P40,http://www.wikidata.org/entity/Q76112239,Margery de Welles
http://www.wikidata.org/entity/Q61963014,Maud de Ros,p18915.htm#i189144,1333-01-01T00:00:00Z,1388-12-09T00:00:00Z,,http://www.wikidata.org/prop/direct/P1819,http://www.wikidata.org/prop/direct/P1819,I00139497,I00139497
http://www.wikidata.org/entity/Q61963014,Maud de Ros,p18915.htm#i189144,1333-01-01T00:00:00Z,1388-12-09T00:00:00Z,,http://www.wikidata.org/prop/direct/P2600,http://www.wikidata.org/prop/direct/P2600,6000000003243318420,6000000003243318420
http://www.wikidata.org/entity/Q61963014,Maud de Ros,p18915.htm#i189144,1333-01-01T00:00:00Z,1388-12-09T00:00:00Z,,http://www.wikidata.org/prop/direct/P2949,http://www.wikidata.org/prop/direct/P2949,Ros-38,Ros-38
http://www.wikidata.org/entity/Q61963014,Maud de Ros,p18915.htm#i189144,1333-01-01T00:00:00Z,1388-12-09T00:00:00Z,,http://www.wikidata.org/prop/direct/P4638,http://www.wikidata.org/prop/direct/P4638,p18915.htm#i189144,p18915.htm#i189144
http://www.wikidata.org/entity/Q61963014,Maud de Ros,p18915.htm#i189144,1333-01-01T00:00:00Z,1388-12-09T00:00:00Z,,http://www.wikidata.org/prop/direct/P569,http://www.wikidata.org/prop/direct/P569,1333-01-01T00:00:00Z,1333-01-01T00:00:00Z
http://www.wikidata.org/entity/Q61963014,Maud de Ros,p18915.htm#i189144,1333-01-01T00:00:00Z,1388-12-09T00:00:00Z,,http://www.wikidata.org/prop/direct/P570,http://www.wikidata.org/prop/direct/P570,1388-12-09T00:00:00Z,1388-12-09T00:00:00Z
http://www.wikidata.org/entity/Q61963014,Maud de Ros,p18915.htm#i189144,1333-01-01T00:00:00Z,1388-12-09T00:00:00Z,,http://www.wikidata.org/prop/direct/P735,http://www.wikidata.org/prop/direct/P735,http://www.wikidata.org/entity/Q1781876,Maud
http://www.wikidata.org/entity/Q61963016,"Adam de Welle, 3rd Lord Welles",p24493.htm#i244923,1304-07-22T00:00:00Z,,,http://www.wikidata.org/prop/direct/P21,http://www.wikidata.org/prop/direct/P21,http://www.wikidata.org/entity/Q6581097,male
http://www.wikidata.org/entity/Q61963016,"Adam de Welle, 3rd Lord Welles",p24493.htm#i244923,1304-07-22T00:00:00Z,,,http://www.wikidata.org/prop/direct/P22,http://www.wikidata.org/prop/direct/P22,http://www.wikidata.org/entity/Q75557782,"Adam de Welle, 1st Baron Welles"
http://www.wikidata.org/entity/Q61963016,"Adam de Welle, 3rd Lord Welles",p24493.htm#i244923,1304-07-22T00:00:00Z,,,http://www.wikidata.org/prop/direct/P25,http://www.wikidata.org/prop/direct/P25,http://www.wikidata.org/entity/Q75557784,Joan Engaine
http://www.wikidata.org/entity/Q61963016,"Adam de Welle, 3rd Lord Welles",p24493.htm#i244923,1304-07-22T00:00:00Z,,,http://www.wikidata.org/prop/direct/P26,http://www.wikidata.org/prop/direct/P26,http://www.wikidata.org/entity/Q61963018,Margaret
http://www.wikidata.org/entity/Q61963016,"Adam de Welle, 3rd Lord Welles",p24493.htm#i244923,1304-07-22T00:00:00Z,,,http://www.wikidata.org/prop/direct/P31,http://www.wikidata.org/prop/direct/P31,http://www.wikidata.org/entity/Q5,human
http://www.wikidata.org/entity/Q61963016,"Adam de Welle, 3rd Lord Welles",p24493.htm#i244923,1304-07-22T00:00:00Z,,,http://www.wikidata.org/prop/direct/P40,http://www.wikidata.org/prop/direct/P40,http://www.wikidata.org/entity/Q61963012,John de Welles
http://www.wikidata.org/entity/Q61963016,"Adam de Welle, 3rd Lord Welles",p24493.htm#i244923,1304-07-22T00:00:00Z,,,http://www.wikidata.org/prop/direct/P40,http://www.wikidata.org/prop/direct/P40,http://www.wikidata.org/entity/Q75612986,Elizabeth de Welle
http://www.wikidata.org/entity/Q61963016,"Adam de Welle, 3rd Lord Welles",p24493.htm#i244923,1304-07-22T00:00:00Z,,,http://www.wikidata.org/prop/direct/P1819,http://www.wikidata.org/prop/direct/P1819,I00139496,I00139496
http://www.wikidata.org/entity/Q61963016,"Adam de Welle, 3rd Lord Welles",p24493.htm#i244923,1304-07-22T00:00:00Z,,,http://www.wikidata.org/prop/direct/P2600,http://www.wikidata.org/prop/direct/P2600,6000000003636853181,6000000003636853181
http://www.wikidata.org/entity/Q61963016,"Adam de Welle, 3rd Lord Welles",p24493.htm#i244923,1304-07-22T00:00:00Z,,,http://www.wikidata.org/prop/direct/P2949,http://www.wikidata.org/prop/direct/P2949,Welles-226,Welles-226
http://www.wikidata.org/entity/Q61963016,"Adam de Welle, 3rd Lord Welles",p24493.htm#i244923,1304-07-22T00:00:00Z,,,http://www.wikidata.org/prop/direct/P4638,http://www.wikidata.org/prop/direct/P4638,p24493.htm#i244923,p24493.htm#i244923
http://www.wikidata.org/entity/Q61963016,"Adam de Welle, 3rd Lord Welles",p24493.htm#i244923,1304-07-22T00:00:00Z,,,http://www.wikidata.org/prop/direct/P569,http://www.wikidata.org/prop/direct/P569,1304-07-22T00:00:00Z,1304-07-22T00:00:00Z
http://www.wikidata.org/entity/Q61963016,"Adam de Welle, 3rd Lord Welles",p24493.htm#i244923,1304-07-22T00:00:00Z,,,http://www.wikidata.org/prop/direct/P735,http://www.wikidata.org/prop/direct/P735,http://www.wikidata.org/entity/Q347181,Adam
http://www.wikidata.org/entity/Q61963018,Margaret,p27439.htm#i274386,1305-01-01T00:00:00Z,,,http://www.wikidata.org/prop/direct/P21,http://www.wikidata.org/prop/direct/P21,http://www.wikidata.org/entity/Q6581072,female
http://www.wikidata.org/entity/Q61963018,Margaret,p27439.htm#i274386,1305-01-01T00:00:00Z,,,http://www.wikidata.org/prop/direct/P22,http://www.wikidata.org/prop/direct/P22,http://www.wikidata.org/entity/Q65621650,"Thomas Bardolf, 2. Baron Bardolf"
http://www.wikidata.org/entity/Q61963018,Margaret,p27439.htm#i274386,1305-01-01T00:00:00Z,,,http://www.wikidata.org/prop/direct/P25,http://www.wikidata.org/prop/direct/P25,http://www.wikidata.org/entity/Q75382771,Agnes de Grandson
http://www.wikidata.org/entity/Q61963018,Margaret,p27439.htm#i274386,1305-01-01T00:00:00Z,,,http://www.wikidata.org/prop/direct/P26,http://www.wikidata.org/prop/direct/P26,http://www.wikidata.org/entity/Q61963016,"Adam de Welle, 3rd Lord Welles"
http://www.wikidata.org/entity/Q61963018,Margaret,p27439.htm#i274386,1305-01-01T00:00:00Z,,,http://www.wikidata.org/prop/direct/P31,http://www.wikidata.org/prop/direct/P31,http://www.wikidata.org/entity/Q5,human
http://www.wikidata.org/entity/Q61963018,Margaret,p27439.htm#i274386,1305-01-01T00:00:00Z,,,http://www.wikidata.org/prop/direct/P40,http://www.wikidata.org/prop/direct/P40,http://www.wikidata.org/entity/Q61963012,John de Welles
http://www.wikidata.org/entity/Q61963018,Margaret,p27439.htm#i274386,1305-01-01T00:00:00Z,,,http://www.wikidata.org/prop/direct/P40,http://www.wikidata.org/prop/direct/P40,http://www.wikidata.org/entity/Q75612986,Elizabeth de Welle
http://www.wikidata.org/entity/Q61963018,Margaret,p27439.htm#i274386,1305-01-01T00:00:00Z,,,http://www.wikidata.org/prop/direct/P1819,http://www.wikidata.org/prop/direct/P1819,I00027646,I00027646
http://www.wikidata.org/entity/Q61963018,Margaret,p27439.htm#i274386,1305-01-01T00:00:00Z,,,http://www.wikidata.org/prop/direct/P2949,http://www.wikidata.org/prop/direct/P2949,Bardolf-2,Bardolf-2
http://www.wikidata.org/entity/Q61963018,Margaret,p27439.htm#i274386,1305-01-01T00:00:00Z,,,http://www.wikidata.org/prop/direct/P4638,http://www.wikidata.org/prop/direct/P4638,p27439.htm#i274386,p27439.htm#i274386
http://www.wikidata.org/entity/Q61963018,Margaret,p27439.htm#i274386,1305-01-01T00:00:00Z,,,http://www.wikidata.org/prop/direct/P569,http://www.wikidata.org/prop/direct/P569,1305-01-01T00:00:00Z,1305-01-01T00:00:00Z
http://www.wikidata.org/entity/Q61963025,Matilda de Beauchamp,p56829.htm#i568288,1229-01-01T00:00:00Z,,,http://www.wikidata.org/prop/direct/P21,http://www.wikidata.org/prop/direct/P21,http://www.wikidata.org/entity/Q6581072,female
http://www.wikidata.org/entity/Q61963025,Matilda de Beauchamp,p56829.htm#i568288,1229-01-01T00:00:00Z,,,http://www.wikidata.org/prop/direct/P22,http://www.wikidata.org/prop/direct/P22,http://www.wikidata.org/entity/Q8020753,William de Beauchamp
http://www.wikidata.org/entity/Q61963025,Matilda de Beauchamp,p56829.htm#i568288,1229-01-01T00:00:00Z,,,http://www.wikidata.org/prop/direct/P25,http://www.wikidata.org/prop/direct/P25,http://www.wikidata.org/entity/Q56314169,Ida de Longespee
http://www.wikidata.org/entity/Q61963025,Matilda de Beauchamp,p56829.htm#i568288,1229-01-01T00:00:00Z,,,http://www.wikidata.org/prop/direct/P26,http://www.wikidata.org/prop/direct/P26,http://www.wikidata.org/entity/Q17352983,"Roger le Strange, Baron Strange"
http://www.wikidata.org/entity/Q61963025,Matilda de Beauchamp,p56829.htm#i568288,1229-01-01T00:00:00Z,,,http://www.wikidata.org/prop/direct/P26,http://www.wikidata.org/prop/direct/P26,http://www.wikidata.org/entity/Q18710325,Roger de Mowbrey
http://www.wikidata.org/entity/Q61963025,Matilda de Beauchamp,p56829.htm#i568288,1229-01-01T00:00:00Z,,,http://www.wikidata.org/prop/direct/P31,http://www.wikidata.org/prop/direct/P31,http://www.wikidata.org/entity/Q5,human
http://www.wikidata.org/entity/Q61963025,Matilda de Beauchamp,p56829.htm#i568288,1229-01-01T00:00:00Z,,,http://www.wikidata.org/prop/direct/P40,http://www.wikidata.org/prop/direct/P40,http://www.wikidata.org/entity/Q7359206,"Roger de Mowbray, 1st Baron Mowbray"
http://www.wikidata.org/entity/Q61963025,Matilda de Beauchamp,p56829.htm#i568288,1229-01-01T00:00:00Z,,,http://www.wikidata.org/prop/direct/P2949,http://www.wikidata.org/prop/direct/P2949,Beauchamp-1162,Beauchamp-1162
http://www.wikidata.org/entity/Q61963025,Matilda de Beauchamp,p56829.htm#i568288,1229-01-01T00:00:00Z,,,http://www.wikidata.org/prop/direct/P4638,http://www.wikidata.org/prop/direct/P4638,p56829.htm#i568288,p56829.htm#i568288
http://www.wikidata.org/entity/Q61963025,Matilda de Beauchamp,p56829.htm#i568288,1229-01-01T00:00:00Z,,,http://www.wikidata.org/prop/direct/P569,http://www.wikidata.org/prop/direct/P569,1229-01-01T00:00:00Z,1229-01-01T00:00:00Z
http://www.wikidata.org/entity/Q61963025,Matilda de Beauchamp,p56829.htm#i568288,1229-01-01T00:00:00Z,,,http://www.wikidata.org/prop/direct/P735,http://www.wikidata.org/prop/direct/P735,http://www.wikidata.org/entity/Q2054021,Matilda
http://www.wikidata.org/entity/Q61963034,Nigel de Mowbray,p65817.htm#i658164,1146-01-01T00:00:00Z,1191-01-01T00:00:00Z,,http://www.wikidata.org/prop/direct/P21,http://www.wikidata.org/prop/direct/P21,http://www.wikidata.org/entity/Q6581097,male
http://www.wikidata.org/entity/Q61963034,Nigel de Mowbray,p65817.htm#i658164,1146-01-01T00:00:00Z,1191-01-01T00:00:00Z,,http://www.wikidata.org/prop/direct/P22,http://www.wikidata.org/prop/direct/P22,http://www.wikidata.org/entity/Q4395698,Roger de Mowbray
http://www.wikidata.org/entity/Q61963034,Nigel de Mowbray,p65817.htm#i658164,1146-01-01T00:00:00Z,1191-01-01T00:00:00Z,,http://www.wikidata.org/prop/direct/P25,http://www.wikidata.org/prop/direct/P25,http://www.wikidata.org/entity/Q61963038,Alice de Gant
http://www.wikidata.org/entity/Q61963034,Nigel de Mowbray,p65817.htm#i658164,1146-01-01T00:00:00Z,1191-01-01T00:00:00Z,,http://www.wikidata.org/prop/direct/P26,http://www.wikidata.org/prop/direct/P26,http://www.wikidata.org/entity/Q61963035,Mabel
http://www.wikidata.org/entity/Q61963034,Nigel de Mowbray,p65817.htm#i658164,1146-01-01T00:00:00Z,1191-01-01T00:00:00Z,,http://www.wikidata.org/prop/direct/P31,http://www.wikidata.org/prop/direct/P31,http://www.wikidata.org/entity/Q5,human
http://www.wikidata.org/entity/Q61963034,Nigel de Mowbray,p65817.htm#i658164,1146-01-01T00:00:00Z,1191-01-01T00:00:00Z,,http://www.wikidata.org/prop/direct/P40,http://www.wikidata.org/prop/direct/P40,http://www.wikidata.org/entity/Q8020810,William de Mowbray
http://www.wikidata.org/entity/Q61963034,Nigel de Mowbray,p65817.htm#i658164,1146-01-01T00:00:00Z,1191-01-01T00:00:00Z,,http://www.wikidata.org/prop/direct/P1819,http://www.wikidata.org/prop/direct/P1819,I00139755,I00139755
http://www.wikidata.org/entity/Q61963034,Nigel de Mowbray,p65817.htm#i658164,1146-01-01T00:00:00Z,1191-01-01T00:00:00Z,,http://www.wikidata.org/prop/direct/P2949,http://www.wikidata.org/prop/direct/P2949,Mowbray-89,Mowbray-89
http://www.wikidata.org/entity/Q61963034,Nigel de Mowbray,p65817.htm#i658164,1146-01-01T00:00:00Z,1191-01-01T00:00:00Z,,http://www.wikidata.org/prop/direct/P4159,http://www.wikidata.org/prop/direct/P4159,Nele_De_Mowbray_(2),Nele_De_Mowbray_(2)
http://www.wikidata.org/entity/Q61963034,Nigel de Mowbray,p65817.htm#i658164,1146-01-01T00:00:00Z,1191-01-01T00:00:00Z,,http://www.wikidata.org/prop/direct/P4638,http://www.wikidata.org/prop/direct/P4638,p65817.htm#i658164,p65817.htm#i658164
http://www.wikidata.org/entity/Q61963034,Nigel de Mowbray,p65817.htm#i658164,1146-01-01T00:00:00Z,1191-01-01T00:00:00Z,,http://www.wikidata.org/prop/direct/P569,http://www.wikidata.org/prop/direct/P569,1146-01-01T00:00:00Z,1146-01-01T00:00:00Z
http://www.wikidata.org/entity/Q61963034,Nigel de Mowbray,p65817.htm#i658164,1146-01-01T00:00:00Z,1191-01-01T00:00:00Z,,http://www.wikidata.org/prop/direct/P570,http://www.wikidata.org/prop/direct/P570,1191-01-01T00:00:00Z,1191-01-01T00:00:00Z
http://www.wikidata.org/entity/Q61963034,Nigel de Mowbray,p65817.htm#i658164,1146-01-01T00:00:00Z,1191-01-01T00:00:00Z,,http://www.wikidata.org/prop/direct/P735,http://www.wikidata.org/prop/direct/P735,http://www.wikidata.org/entity/Q661284,Nigel
http://www.wikidata.org/entity/Q61963034,Nigel de Mowbray,p65817.htm#i658164,1146-01-01T00:00:00Z,1191-01-01T00:00:00Z,,http://www.wikidata.org/prop/direct/P7929,http://www.wikidata.org/prop/direct/P7929,p=nigel;n=mowbray,p=nigel;n=mowbray
