item,itemLabel,peerageID,birth,death,floruit,prop,propLabel,value,valueLabel
http://www.wikidata.org/entity/Q7146716,"Patrick Hepburn, 1st Earl of Bothwell",p10827.htm#i108262,1455-01-01T00:00:00Z,1508-10-18T00:00:00Z,,http://www.wikidata.org/prop/direct/P106,http://www.wikidata.org/prop/direct/P106,http://www.wikidata.org/entity/Q193391,diplomat
http://www.wikidata.org/entity/Q7146716,"Patrick Hepburn, 1st Earl of Bothwell",p10827.htm#i108262,1455-01-01T00:00:00Z,1508-10-18T00:00:00Z,,http://www.wikidata.org/prop/direct/P19,http://www.wikidata.org/prop/direct/P19,http://www.wikidata.org/entity/Q207257,East Lothian
http://www.wikidata.org/entity/Q7146716,"Patrick Hepburn, 1st Earl of Bothwell",p10827.htm#i108262,1455-01-01T00:00:00Z,1508-10-18T00:00:00Z,,http://www.wikidata.org/prop/direct/P21,http://www.wikidata.org/prop/direct/P21,http://www.wikidata.org/entity/Q6581097,male
http://www.wikidata.org/entity/Q7146716,"Patrick Hepburn, 1st Earl of Bothwell",p10827.htm#i108262,1455-01-01T00:00:00Z,1508-10-18T00:00:00Z,,http://www.wikidata.org/prop/direct/P22,http://www.wikidata.org/prop/direct/P22,http://www.wikidata.org/entity/Q4679219,"Adam Hepburn, Master of Hailes"
http://www.wikidata.org/entity/Q7146716,"Patrick Hepburn, 1st Earl of Bothwell",p10827.htm#i108262,1455-01-01T00:00:00Z,1508-10-18T00:00:00Z,,http://www.wikidata.org/prop/direct/P25,http://www.wikidata.org/prop/direct/P25,http://www.wikidata.org/entity/Q75242692,Helen Home
http://www.wikidata.org/entity/Q7146716,"Patrick Hepburn, 1st Earl of Bothwell",p10827.htm#i108262,1455-01-01T00:00:00Z,1508-10-18T00:00:00Z,,http://www.wikidata.org/prop/direct/P26,http://www.wikidata.org/prop/direct/P26,http://www.wikidata.org/entity/Q75388536,Lady Janet Douglas
http://www.wikidata.org/entity/Q7146716,"Patrick Hepburn, 1st Earl of Bothwell",p10827.htm#i108262,1455-01-01T00:00:00Z,1508-10-18T00:00:00Z,,http://www.wikidata.org/prop/direct/P31,http://www.wikidata.org/prop/direct/P31,http://www.wikidata.org/entity/Q5,human
http://www.wikidata.org/entity/Q7146716,"Patrick Hepburn, 1st Earl of Bothwell",p10827.htm#i108262,1455-01-01T00:00:00Z,1508-10-18T00:00:00Z,,http://www.wikidata.org/prop/direct/P39,http://www.wikidata.org/prop/direct/P39,http://www.wikidata.org/entity/Q91791387,Warden of the Scottish Eastern March
http://www.wikidata.org/entity/Q7146716,"Patrick Hepburn, 1st Earl of Bothwell",p10827.htm#i108262,1455-01-01T00:00:00Z,1508-10-18T00:00:00Z,,http://www.wikidata.org/prop/direct/P39,http://www.wikidata.org/prop/direct/P39,http://www.wikidata.org/entity/Q91791575,Warden of the Scottish Western March
http://www.wikidata.org/entity/Q7146716,"Patrick Hepburn, 1st Earl of Bothwell",p10827.htm#i108262,1455-01-01T00:00:00Z,1508-10-18T00:00:00Z,,http://www.wikidata.org/prop/direct/P40,http://www.wikidata.org/prop/direct/P40,http://www.wikidata.org/entity/Q4497270,"Adam Hepburn, 2nd Earl of Bothwell"
http://www.wikidata.org/entity/Q7146716,"Patrick Hepburn, 1st Earl of Bothwell",p10827.htm#i108262,1455-01-01T00:00:00Z,1508-10-18T00:00:00Z,,http://www.wikidata.org/prop/direct/P40,http://www.wikidata.org/prop/direct/P40,http://www.wikidata.org/entity/Q75263738,Lady Janet Hepburn
http://www.wikidata.org/entity/Q7146716,"Patrick Hepburn, 1st Earl of Bothwell",p10827.htm#i108262,1455-01-01T00:00:00Z,1508-10-18T00:00:00Z,,http://www.wikidata.org/prop/direct/P40,http://www.wikidata.org/prop/direct/P40,http://www.wikidata.org/entity/Q75389845,Lady Margaret Hepburn
http://www.wikidata.org/entity/Q7146716,"Patrick Hepburn, 1st Earl of Bothwell",p10827.htm#i108262,1455-01-01T00:00:00Z,1508-10-18T00:00:00Z,,http://www.wikidata.org/prop/direct/P40,http://www.wikidata.org/prop/direct/P40,http://www.wikidata.org/entity/Q76069373,"Patrick Hepburn, Master of Hailes"
http://www.wikidata.org/entity/Q7146716,"Patrick Hepburn, 1st Earl of Bothwell",p10827.htm#i108262,1455-01-01T00:00:00Z,1508-10-18T00:00:00Z,,http://www.wikidata.org/prop/direct/P40,http://www.wikidata.org/prop/direct/P40,http://www.wikidata.org/entity/Q76070143,William Hepburn of Rollandstoun
http://www.wikidata.org/entity/Q7146716,"Patrick Hepburn, 1st Earl of Bothwell",p10827.htm#i108262,1455-01-01T00:00:00Z,1508-10-18T00:00:00Z,,http://www.wikidata.org/prop/direct/P40,http://www.wikidata.org/prop/direct/P40,http://www.wikidata.org/entity/Q76070357,John Hepburn
http://www.wikidata.org/entity/Q7146716,"Patrick Hepburn, 1st Earl of Bothwell",p10827.htm#i108262,1455-01-01T00:00:00Z,1508-10-18T00:00:00Z,,http://www.wikidata.org/prop/direct/P40,http://www.wikidata.org/prop/direct/P40,http://www.wikidata.org/entity/Q76297576,Margaret Hepburn
http://www.wikidata.org/entity/Q7146716,"Patrick Hepburn, 1st Earl of Bothwell",p10827.htm#i108262,1455-01-01T00:00:00Z,1508-10-18T00:00:00Z,,http://www.wikidata.org/prop/direct/P1343,http://www.wikidata.org/prop/direct/P1343,http://www.wikidata.org/entity/Q15987216,"Dictionary of National Biography, 1885–1900"
http://www.wikidata.org/entity/Q7146716,"Patrick Hepburn, 1st Earl of Bothwell",p10827.htm#i108262,1455-01-01T00:00:00Z,1508-10-18T00:00:00Z,,http://www.wikidata.org/prop/direct/P1415,http://www.wikidata.org/prop/direct/P1415,13006,13006
http://www.wikidata.org/entity/Q7146716,"Patrick Hepburn, 1st Earl of Bothwell",p10827.htm#i108262,1455-01-01T00:00:00Z,1508-10-18T00:00:00Z,,http://www.wikidata.org/prop/direct/P1819,http://www.wikidata.org/prop/direct/P1819,I00043461,I00043461
http://www.wikidata.org/entity/Q7146716,"Patrick Hepburn, 1st Earl of Bothwell",p10827.htm#i108262,1455-01-01T00:00:00Z,1508-10-18T00:00:00Z,,http://www.wikidata.org/prop/direct/P2401,http://www.wikidata.org/prop/direct/P2401,10005819,10005819
http://www.wikidata.org/entity/Q7146716,"Patrick Hepburn, 1st Earl of Bothwell",p10827.htm#i108262,1455-01-01T00:00:00Z,1508-10-18T00:00:00Z,,http://www.wikidata.org/prop/direct/P2949,http://www.wikidata.org/prop/direct/P2949,Hepburn-21,Hepburn-21
http://www.wikidata.org/entity/Q7146716,"Patrick Hepburn, 1st Earl of Bothwell",p10827.htm#i108262,1455-01-01T00:00:00Z,1508-10-18T00:00:00Z,,http://www.wikidata.org/prop/direct/P3373,http://www.wikidata.org/prop/direct/P3373,http://www.wikidata.org/entity/Q5540505,George Hepburn
http://www.wikidata.org/entity/Q7146716,"Patrick Hepburn, 1st Earl of Bothwell",p10827.htm#i108262,1455-01-01T00:00:00Z,1508-10-18T00:00:00Z,,http://www.wikidata.org/prop/direct/P4159,http://www.wikidata.org/prop/direct/P4159,Patrick_Hepburn_(15),Patrick_Hepburn_(15)
http://www.wikidata.org/entity/Q7146716,"Patrick Hepburn, 1st Earl of Bothwell",p10827.htm#i108262,1455-01-01T00:00:00Z,1508-10-18T00:00:00Z,,http://www.wikidata.org/prop/direct/P4638,http://www.wikidata.org/prop/direct/P4638,p10827.htm#i108262,p10827.htm#i108262
http://www.wikidata.org/entity/Q7146716,"Patrick Hepburn, 1st Earl of Bothwell",p10827.htm#i108262,1455-01-01T00:00:00Z,1508-10-18T00:00:00Z,,http://www.wikidata.org/prop/direct/P569,http://www.wikidata.org/prop/direct/P569,1455-01-01T00:00:00Z,1455-01-01T00:00:00Z
http://www.wikidata.org/entity/Q7146716,"Patrick Hepburn, 1st Earl of Bothwell",p10827.htm#i108262,1455-01-01T00:00:00Z,1508-10-18T00:00:00Z,,http://www.wikidata.org/prop/direct/P570,http://www.wikidata.org/prop/direct/P570,1508-10-18T00:00:00Z,1508-10-18T00:00:00Z
http://www.wikidata.org/entity/Q7146716,"Patrick Hepburn, 1st Earl of Bothwell",p10827.htm#i108262,1455-01-01T00:00:00Z,1508-10-18T00:00:00Z,,http://www.wikidata.org/prop/direct/P646,http://www.wikidata.org/prop/direct/P646,/m/057p1m,/m/057p1m
http://www.wikidata.org/entity/Q7146716,"Patrick Hepburn, 1st Earl of Bothwell",p10827.htm#i108262,1455-01-01T00:00:00Z,1508-10-18T00:00:00Z,,http://www.wikidata.org/prop/direct/P734,http://www.wikidata.org/prop/direct/P734,http://www.wikidata.org/entity/Q16842504,Hepburn
http://www.wikidata.org/entity/Q7146716,"Patrick Hepburn, 1st Earl of Bothwell",p10827.htm#i108262,1455-01-01T00:00:00Z,1508-10-18T00:00:00Z,,http://www.wikidata.org/prop/direct/P735,http://www.wikidata.org/prop/direct/P735,http://www.wikidata.org/entity/Q18002623,Patrick
http://www.wikidata.org/entity/Q7146785,"Patrick I, Earl of Dunbar",p10781.htm#i107802,1152-01-01T00:00:00Z,1233-01-07T00:00:00Z,,http://www.wikidata.org/prop/direct/P19,http://www.wikidata.org/prop/direct/P19,http://www.wikidata.org/entity/Q207257,East Lothian
http://www.wikidata.org/entity/Q7146785,"Patrick I, Earl of Dunbar",p10781.htm#i107802,1152-01-01T00:00:00Z,1233-01-07T00:00:00Z,,http://www.wikidata.org/prop/direct/P21,http://www.wikidata.org/prop/direct/P21,http://www.wikidata.org/entity/Q6581097,male
http://www.wikidata.org/entity/Q7146785,"Patrick I, Earl of Dunbar",p10781.htm#i107802,1152-01-01T00:00:00Z,1233-01-07T00:00:00Z,,http://www.wikidata.org/prop/direct/P22,http://www.wikidata.org/prop/direct/P22,http://www.wikidata.org/entity/Q7966648,"Waltheof, Earl of Dunbar"
http://www.wikidata.org/entity/Q7146785,"Patrick I, Earl of Dunbar",p10781.htm#i107802,1152-01-01T00:00:00Z,1233-01-07T00:00:00Z,,http://www.wikidata.org/prop/direct/P25,http://www.wikidata.org/prop/direct/P25,http://www.wikidata.org/entity/Q75902122,Aline (?)
http://www.wikidata.org/entity/Q7146785,"Patrick I, Earl of Dunbar",p10781.htm#i107802,1152-01-01T00:00:00Z,1233-01-07T00:00:00Z,,http://www.wikidata.org/prop/direct/P26,http://www.wikidata.org/prop/direct/P26,http://www.wikidata.org/entity/Q75387912,Ada (?)
http://www.wikidata.org/entity/Q7146785,"Patrick I, Earl of Dunbar",p10781.htm#i107802,1152-01-01T00:00:00Z,1233-01-07T00:00:00Z,,http://www.wikidata.org/prop/direct/P26,http://www.wikidata.org/prop/direct/P26,http://www.wikidata.org/entity/Q75715174,Christine (?)
http://www.wikidata.org/entity/Q7146785,"Patrick I, Earl of Dunbar",p10781.htm#i107802,1152-01-01T00:00:00Z,1233-01-07T00:00:00Z,,http://www.wikidata.org/prop/direct/P27,http://www.wikidata.org/prop/direct/P27,http://www.wikidata.org/entity/Q230791,Kingdom of Scotland
http://www.wikidata.org/entity/Q7146785,"Patrick I, Earl of Dunbar",p10781.htm#i107802,1152-01-01T00:00:00Z,1233-01-07T00:00:00Z,,http://www.wikidata.org/prop/direct/P31,http://www.wikidata.org/prop/direct/P31,http://www.wikidata.org/entity/Q5,human
http://www.wikidata.org/entity/Q7146785,"Patrick I, Earl of Dunbar",p10781.htm#i107802,1152-01-01T00:00:00Z,1233-01-07T00:00:00Z,,http://www.wikidata.org/prop/direct/P40,http://www.wikidata.org/prop/direct/P40,http://www.wikidata.org/entity/Q1719018,"Patrick II, Earl of Dunbar"
http://www.wikidata.org/entity/Q7146785,"Patrick I, Earl of Dunbar",p10781.htm#i107802,1152-01-01T00:00:00Z,1233-01-07T00:00:00Z,,http://www.wikidata.org/prop/direct/P40,http://www.wikidata.org/prop/direct/P40,http://www.wikidata.org/entity/Q75617614,Ada de Dunbar
http://www.wikidata.org/entity/Q7146785,"Patrick I, Earl of Dunbar",p10781.htm#i107802,1152-01-01T00:00:00Z,1233-01-07T00:00:00Z,,http://www.wikidata.org/prop/direct/P1185,http://www.wikidata.org/prop/direct/P1185,110797,110797
http://www.wikidata.org/entity/Q7146785,"Patrick I, Earl of Dunbar",p10781.htm#i107802,1152-01-01T00:00:00Z,1233-01-07T00:00:00Z,,http://www.wikidata.org/prop/direct/P1415,http://www.wikidata.org/prop/direct/P1415,50326,50326
http://www.wikidata.org/entity/Q7146785,"Patrick I, Earl of Dunbar",p10781.htm#i107802,1152-01-01T00:00:00Z,1233-01-07T00:00:00Z,,http://www.wikidata.org/prop/direct/P1819,http://www.wikidata.org/prop/direct/P1819,I00065016,I00065016
http://www.wikidata.org/entity/Q7146785,"Patrick I, Earl of Dunbar",p10781.htm#i107802,1152-01-01T00:00:00Z,1233-01-07T00:00:00Z,,http://www.wikidata.org/prop/direct/P2949,http://www.wikidata.org/prop/direct/P2949,Dunbar-193,Dunbar-193
http://www.wikidata.org/entity/Q7146785,"Patrick I, Earl of Dunbar",p10781.htm#i107802,1152-01-01T00:00:00Z,1233-01-07T00:00:00Z,,http://www.wikidata.org/prop/direct/P4159,http://www.wikidata.org/prop/direct/P4159,"Patrick_I,_Earl_of_Dunbar_(1)","Patrick_I,_Earl_of_Dunbar_(1)"
http://www.wikidata.org/entity/Q7146785,"Patrick I, Earl of Dunbar",p10781.htm#i107802,1152-01-01T00:00:00Z,1233-01-07T00:00:00Z,,http://www.wikidata.org/prop/direct/P4638,http://www.wikidata.org/prop/direct/P4638,p10781.htm#i107802,p10781.htm#i107802
http://www.wikidata.org/entity/Q7146785,"Patrick I, Earl of Dunbar",p10781.htm#i107802,1152-01-01T00:00:00Z,1233-01-07T00:00:00Z,,http://www.wikidata.org/prop/direct/P569,http://www.wikidata.org/prop/direct/P569,1152-01-01T00:00:00Z,1152-01-01T00:00:00Z
http://www.wikidata.org/entity/Q7146785,"Patrick I, Earl of Dunbar",p10781.htm#i107802,1152-01-01T00:00:00Z,1233-01-07T00:00:00Z,,http://www.wikidata.org/prop/direct/P570,http://www.wikidata.org/prop/direct/P570,1233-01-07T00:00:00Z,1233-01-07T00:00:00Z
http://www.wikidata.org/entity/Q7146785,"Patrick I, Earl of Dunbar",p10781.htm#i107802,1152-01-01T00:00:00Z,1233-01-07T00:00:00Z,,http://www.wikidata.org/prop/direct/P646,http://www.wikidata.org/prop/direct/P646,/m/026tpyk,/m/026tpyk
http://www.wikidata.org/entity/Q7146785,"Patrick I, Earl of Dunbar",p10781.htm#i107802,1152-01-01T00:00:00Z,1233-01-07T00:00:00Z,,http://www.wikidata.org/prop/direct/P735,http://www.wikidata.org/prop/direct/P735,http://www.wikidata.org/entity/Q18002623,Patrick
http://www.wikidata.org/entity/Q7146785,"Patrick I, Earl of Dunbar",p10781.htm#i107802,1152-01-01T00:00:00Z,1233-01-07T00:00:00Z,,http://www.wikidata.org/prop/direct/P7929,http://www.wikidata.org/prop/direct/P7929,p=patrick;n=of dunbar,p=patrick;n=of dunbar
http://www.wikidata.org/entity/Q7146786,"Patrick IV, Earl of March",p10792.htm#i107919,1242-01-01T00:00:00Z,1308-10-10T00:00:00Z,,http://www.wikidata.org/prop/direct/P106,http://www.wikidata.org/prop/direct/P106,http://www.wikidata.org/entity/Q82955,politician
http://www.wikidata.org/entity/Q7146786,"Patrick IV, Earl of March",p10792.htm#i107919,1242-01-01T00:00:00Z,1308-10-10T00:00:00Z,,http://www.wikidata.org/prop/direct/P19,http://www.wikidata.org/prop/direct/P19,http://www.wikidata.org/entity/Q207257,East Lothian
http://www.wikidata.org/entity/Q7146786,"Patrick IV, Earl of March",p10792.htm#i107919,1242-01-01T00:00:00Z,1308-10-10T00:00:00Z,,http://www.wikidata.org/prop/direct/P21,http://www.wikidata.org/prop/direct/P21,http://www.wikidata.org/entity/Q6581097,male
http://www.wikidata.org/entity/Q7146786,"Patrick IV, Earl of March",p10792.htm#i107919,1242-01-01T00:00:00Z,1308-10-10T00:00:00Z,,http://www.wikidata.org/prop/direct/P22,http://www.wikidata.org/prop/direct/P22,http://www.wikidata.org/entity/Q120380,"Patrick III, Earl of Dunbar"
http://www.wikidata.org/entity/Q7146786,"Patrick IV, Earl of March",p10792.htm#i107919,1242-01-01T00:00:00Z,1308-10-10T00:00:00Z,,http://www.wikidata.org/prop/direct/P25,http://www.wikidata.org/prop/direct/P25,http://www.wikidata.org/entity/Q75512509,Cecil Fraser
http://www.wikidata.org/entity/Q7146786,"Patrick IV, Earl of March",p10792.htm#i107919,1242-01-01T00:00:00Z,1308-10-10T00:00:00Z,,http://www.wikidata.org/prop/direct/P26,http://www.wikidata.org/prop/direct/P26,http://www.wikidata.org/entity/Q75093879,Magjory Comyn
http://www.wikidata.org/entity/Q7146786,"Patrick IV, Earl of March",p10792.htm#i107919,1242-01-01T00:00:00Z,1308-10-10T00:00:00Z,,http://www.wikidata.org/prop/direct/P31,http://www.wikidata.org/prop/direct/P31,http://www.wikidata.org/entity/Q5,human
http://www.wikidata.org/entity/Q7146786,"Patrick IV, Earl of March",p10792.htm#i107919,1242-01-01T00:00:00Z,1308-10-10T00:00:00Z,,http://www.wikidata.org/prop/direct/P39,http://www.wikidata.org/prop/direct/P39,http://www.wikidata.org/entity/Q18928999,Member of the Parliament of Scotland
http://www.wikidata.org/entity/Q7146786,"Patrick IV, Earl of March",p10792.htm#i107919,1242-01-01T00:00:00Z,1308-10-10T00:00:00Z,,http://www.wikidata.org/prop/direct/P40,http://www.wikidata.org/prop/direct/P40,http://www.wikidata.org/entity/Q61482660,John de Dunbar of Derchester & Birkynside
http://www.wikidata.org/entity/Q7146786,"Patrick IV, Earl of March",p10792.htm#i107919,1242-01-01T00:00:00Z,1308-10-10T00:00:00Z,,http://www.wikidata.org/prop/direct/P40,http://www.wikidata.org/prop/direct/P40,http://www.wikidata.org/entity/Q7147771,"Patrick V, Earl of March"
http://www.wikidata.org/entity/Q7146786,"Patrick IV, Earl of March",p10792.htm#i107919,1242-01-01T00:00:00Z,1308-10-10T00:00:00Z,,http://www.wikidata.org/prop/direct/P40,http://www.wikidata.org/prop/direct/P40,http://www.wikidata.org/entity/Q75637539,Sir Alexander Dunbar
http://www.wikidata.org/entity/Q7146786,"Patrick IV, Earl of March",p10792.htm#i107919,1242-01-01T00:00:00Z,1308-10-10T00:00:00Z,,http://www.wikidata.org/prop/direct/P53,http://www.wikidata.org/prop/direct/P53,http://www.wikidata.org/entity/Q5125515,Clan Dunbar
http://www.wikidata.org/entity/Q7146786,"Patrick IV, Earl of March",p10792.htm#i107919,1242-01-01T00:00:00Z,1308-10-10T00:00:00Z,,http://www.wikidata.org/prop/direct/P1185,http://www.wikidata.org/prop/direct/P1185,110816,110816
http://www.wikidata.org/entity/Q7146786,"Patrick IV, Earl of March",p10792.htm#i107919,1242-01-01T00:00:00Z,1308-10-10T00:00:00Z,,http://www.wikidata.org/prop/direct/P1415,http://www.wikidata.org/prop/direct/P1415,62217,62217
http://www.wikidata.org/entity/Q7146786,"Patrick IV, Earl of March",p10792.htm#i107919,1242-01-01T00:00:00Z,1308-10-10T00:00:00Z,,http://www.wikidata.org/prop/direct/P1559,http://www.wikidata.org/prop/direct/P1559,"Patrick IV, Earl of Dunbar","Patrick IV, Earl of Dunbar"
http://www.wikidata.org/entity/Q7146786,"Patrick IV, Earl of March",p10792.htm#i107919,1242-01-01T00:00:00Z,1308-10-10T00:00:00Z,,http://www.wikidata.org/prop/direct/P1819,http://www.wikidata.org/prop/direct/P1819,I00164957,I00164957
http://www.wikidata.org/entity/Q7146786,"Patrick IV, Earl of March",p10792.htm#i107919,1242-01-01T00:00:00Z,1308-10-10T00:00:00Z,,http://www.wikidata.org/prop/direct/P2600,http://www.wikidata.org/prop/direct/P2600,6000000021766661224,6000000021766661224
http://www.wikidata.org/entity/Q7146786,"Patrick IV, Earl of March",p10792.htm#i107919,1242-01-01T00:00:00Z,1308-10-10T00:00:00Z,,http://www.wikidata.org/prop/direct/P2949,http://www.wikidata.org/prop/direct/P2949,Dunbar-105,Dunbar-105
http://www.wikidata.org/entity/Q7146786,"Patrick IV, Earl of March",p10792.htm#i107919,1242-01-01T00:00:00Z,1308-10-10T00:00:00Z,,http://www.wikidata.org/prop/direct/P3368,http://www.wikidata.org/prop/direct/P3368,2174234,2174234
http://www.wikidata.org/entity/Q7146786,"Patrick IV, Earl of March",p10792.htm#i107919,1242-01-01T00:00:00Z,1308-10-10T00:00:00Z,,http://www.wikidata.org/prop/direct/P4159,http://www.wikidata.org/prop/direct/P4159,"Patrick_IV,_Earl_of_March_(1)","Patrick_IV,_Earl_of_March_(1)"
http://www.wikidata.org/entity/Q7146786,"Patrick IV, Earl of March",p10792.htm#i107919,1242-01-01T00:00:00Z,1308-10-10T00:00:00Z,,http://www.wikidata.org/prop/direct/P4638,http://www.wikidata.org/prop/direct/P4638,p10792.htm#i107919,p10792.htm#i107919
http://www.wikidata.org/entity/Q7146786,"Patrick IV, Earl of March",p10792.htm#i107919,1242-01-01T00:00:00Z,1308-10-10T00:00:00Z,,http://www.wikidata.org/prop/direct/P569,http://www.wikidata.org/prop/direct/P569,1242-01-01T00:00:00Z,1242-01-01T00:00:00Z
http://www.wikidata.org/entity/Q7146786,"Patrick IV, Earl of March",p10792.htm#i107919,1242-01-01T00:00:00Z,1308-10-10T00:00:00Z,,http://www.wikidata.org/prop/direct/P570,http://www.wikidata.org/prop/direct/P570,1308-10-10T00:00:00Z,1308-10-10T00:00:00Z
http://www.wikidata.org/entity/Q7146786,"Patrick IV, Earl of March",p10792.htm#i107919,1242-01-01T00:00:00Z,1308-10-10T00:00:00Z,,http://www.wikidata.org/prop/direct/P646,http://www.wikidata.org/prop/direct/P646,/m/05_m5t,/m/05_m5t
http://www.wikidata.org/entity/Q7146786,"Patrick IV, Earl of March",p10792.htm#i107919,1242-01-01T00:00:00Z,1308-10-10T00:00:00Z,,http://www.wikidata.org/prop/direct/P735,http://www.wikidata.org/prop/direct/P735,http://www.wikidata.org/entity/Q18002623,Patrick
http://www.wikidata.org/entity/Q7146786,"Patrick IV, Earl of March",p10792.htm#i107919,1242-01-01T00:00:00Z,1308-10-10T00:00:00Z,,http://www.wikidata.org/prop/direct/P7929,http://www.wikidata.org/prop/direct/P7929,p=patrick;n=of dunbar;oc=3,p=patrick;n=of dunbar;oc=3
http://www.wikidata.org/entity/Q714681,"Michael de la Pole, 1st Earl of Suffolk",p2405.htm#i24047,1330-01-01T00:00:00Z,1389-09-05T00:00:00Z,,http://www.wikidata.org/prop/direct/P106,http://www.wikidata.org/prop/direct/P106,http://www.wikidata.org/entity/Q185351,jurist
http://www.wikidata.org/entity/Q714681,"Michael de la Pole, 1st Earl of Suffolk",p2405.htm#i24047,1330-01-01T00:00:00Z,1389-09-05T00:00:00Z,,http://www.wikidata.org/prop/direct/P106,http://www.wikidata.org/prop/direct/P106,http://www.wikidata.org/entity/Q16533,judge
http://www.wikidata.org/entity/Q714681,"Michael de la Pole, 1st Earl of Suffolk",p2405.htm#i24047,1330-01-01T00:00:00Z,1389-09-05T00:00:00Z,,http://www.wikidata.org/prop/direct/P19,http://www.wikidata.org/prop/direct/P19,http://www.wikidata.org/entity/Q179876,Kingdom of England
http://www.wikidata.org/entity/Q714681,"Michael de la Pole, 1st Earl of Suffolk",p2405.htm#i24047,1330-01-01T00:00:00Z,1389-09-05T00:00:00Z,,http://www.wikidata.org/prop/direct/P20,http://www.wikidata.org/prop/direct/P20,http://www.wikidata.org/entity/Q70972,Kingdom of France
http://www.wikidata.org/entity/Q714681,"Michael de la Pole, 1st Earl of Suffolk",p2405.htm#i24047,1330-01-01T00:00:00Z,1389-09-05T00:00:00Z,,http://www.wikidata.org/prop/direct/P21,http://www.wikidata.org/prop/direct/P21,http://www.wikidata.org/entity/Q6581097,male
http://www.wikidata.org/entity/Q714681,"Michael de la Pole, 1st Earl of Suffolk",p2405.htm#i24047,1330-01-01T00:00:00Z,1389-09-05T00:00:00Z,,http://www.wikidata.org/prop/direct/P213,http://www.wikidata.org/prop/direct/P213,0000000067008614,0000000067008614
http://www.wikidata.org/entity/Q714681,"Michael de la Pole, 1st Earl of Suffolk",p2405.htm#i24047,1330-01-01T00:00:00Z,1389-09-05T00:00:00Z,,http://www.wikidata.org/prop/direct/P214,http://www.wikidata.org/prop/direct/P214,45671561,45671561
http://www.wikidata.org/entity/Q714681,"Michael de la Pole, 1st Earl of Suffolk",p2405.htm#i24047,1330-01-01T00:00:00Z,1389-09-05T00:00:00Z,,http://www.wikidata.org/prop/direct/P22,http://www.wikidata.org/prop/direct/P22,http://www.wikidata.org/entity/Q2581176,William de la Pole
http://www.wikidata.org/entity/Q714681,"Michael de la Pole, 1st Earl of Suffolk",p2405.htm#i24047,1330-01-01T00:00:00Z,1389-09-05T00:00:00Z,,http://www.wikidata.org/prop/direct/P244,http://www.wikidata.org/prop/direct/P244,n83036007,n83036007
http://www.wikidata.org/entity/Q714681,"Michael de la Pole, 1st Earl of Suffolk",p2405.htm#i24047,1330-01-01T00:00:00Z,1389-09-05T00:00:00Z,,http://www.wikidata.org/prop/direct/P25,http://www.wikidata.org/prop/direct/P25,http://www.wikidata.org/entity/Q61896183,Katherine Norwich
http://www.wikidata.org/entity/Q714681,"Michael de la Pole, 1st Earl of Suffolk",p2405.htm#i24047,1330-01-01T00:00:00Z,1389-09-05T00:00:00Z,,http://www.wikidata.org/prop/direct/P26,http://www.wikidata.org/prop/direct/P26,http://www.wikidata.org/entity/Q61896190,Katherine Wingfield
http://www.wikidata.org/entity/Q714681,"Michael de la Pole, 1st Earl of Suffolk",p2405.htm#i24047,1330-01-01T00:00:00Z,1389-09-05T00:00:00Z,,http://www.wikidata.org/prop/direct/P27,http://www.wikidata.org/prop/direct/P27,http://www.wikidata.org/entity/Q179876,Kingdom of England
http://www.wikidata.org/entity/Q714681,"Michael de la Pole, 1st Earl of Suffolk",p2405.htm#i24047,1330-01-01T00:00:00Z,1389-09-05T00:00:00Z,,http://www.wikidata.org/prop/direct/P31,http://www.wikidata.org/prop/direct/P31,http://www.wikidata.org/entity/Q5,human
http://www.wikidata.org/entity/Q714681,"Michael de la Pole, 1st Earl of Suffolk",p2405.htm#i24047,1330-01-01T00:00:00Z,1389-09-05T00:00:00Z,,http://www.wikidata.org/prop/direct/P39,http://www.wikidata.org/prop/direct/P39,http://www.wikidata.org/entity/Q18952564,member of the House of Lords
http://www.wikidata.org/entity/Q714681,"Michael de la Pole, 1st Earl of Suffolk",p2405.htm#i24047,1330-01-01T00:00:00Z,1389-09-05T00:00:00Z,,http://www.wikidata.org/prop/direct/P40,http://www.wikidata.org/prop/direct/P40,http://www.wikidata.org/entity/Q1352291,"Michael de la Pole, 2nd Earl of Suffolk"
http://www.wikidata.org/entity/Q714681,"Michael de la Pole, 1st Earl of Suffolk",p2405.htm#i24047,1330-01-01T00:00:00Z,1389-09-05T00:00:00Z,,http://www.wikidata.org/prop/direct/P40,http://www.wikidata.org/prop/direct/P40,http://www.wikidata.org/entity/Q75467802,Sir Thomas de la Pole
http://www.wikidata.org/entity/Q714681,"Michael de la Pole, 1st Earl of Suffolk",p2405.htm#i24047,1330-01-01T00:00:00Z,1389-09-05T00:00:00Z,,http://www.wikidata.org/prop/direct/P40,http://www.wikidata.org/prop/direct/P40,http://www.wikidata.org/entity/Q75560720,Anne Pole
http://www.wikidata.org/entity/Q714681,"Michael de la Pole, 1st Earl of Suffolk",p2405.htm#i24047,1330-01-01T00:00:00Z,1389-09-05T00:00:00Z,,http://www.wikidata.org/prop/direct/P40,http://www.wikidata.org/prop/direct/P40,http://www.wikidata.org/entity/Q75875086,William de la Pole
http://www.wikidata.org/entity/Q714681,"Michael de la Pole, 1st Earl of Suffolk",p2405.htm#i24047,1330-01-01T00:00:00Z,1389-09-05T00:00:00Z,,http://www.wikidata.org/prop/direct/P40,http://www.wikidata.org/prop/direct/P40,http://www.wikidata.org/entity/Q75875087,Richard de la Pole
http://www.wikidata.org/entity/Q714681,"Michael de la Pole, 1st Earl of Suffolk",p2405.htm#i24047,1330-01-01T00:00:00Z,1389-09-05T00:00:00Z,,http://www.wikidata.org/prop/direct/P94,http://www.wikidata.org/prop/direct/P94,http://commons.wikimedia.org/wiki/Special:FilePath/Arms%20of%20De%20La%20Pole.svg,http://commons.wikimedia.org/wiki/Special:FilePath/Arms%20of%20De%20La%20Pole.svg
http://www.wikidata.org/entity/Q714681,"Michael de la Pole, 1st Earl of Suffolk",p2405.htm#i24047,1330-01-01T00:00:00Z,1389-09-05T00:00:00Z,,http://www.wikidata.org/prop/direct/P97,http://www.wikidata.org/prop/direct/P97,http://www.wikidata.org/entity/Q738176,Earl of Suffolk
http://www.wikidata.org/entity/Q714681,"Michael de la Pole, 1st Earl of Suffolk",p2405.htm#i24047,1330-01-01T00:00:00Z,1389-09-05T00:00:00Z,,http://www.wikidata.org/prop/direct/P10832,http://www.wikidata.org/prop/direct/P10832,E39PBJf8yc6j7P79tJH3wvtYfq,E39PBJf8yc6j7P79tJH3wvtYfq
http://www.wikidata.org/entity/Q714681,"Michael de la Pole, 1st Earl of Suffolk",p2405.htm#i24047,1330-01-01T00:00:00Z,1389-09-05T00:00:00Z,,http://www.wikidata.org/prop/direct/P1185,http://www.wikidata.org/prop/direct/P1185,774075,774075
http://www.wikidata.org/entity/Q714681,"Michael de la Pole, 1st Earl of Suffolk",p2405.htm#i24047,1330-01-01T00:00:00Z,1389-09-05T00:00:00Z,,http://www.wikidata.org/prop/direct/P12582,http://www.wikidata.org/prop/direct/P12582,20110803100334195,20110803100334195
http://www.wikidata.org/entity/Q714681,"Michael de la Pole, 1st Earl of Suffolk",p2405.htm#i24047,1330-01-01T00:00:00Z,1389-09-05T00:00:00Z,,http://www.wikidata.org/prop/direct/P1343,http://www.wikidata.org/prop/direct/P1343,http://www.wikidata.org/entity/Q15987216,"Dictionary of National Biography, 1885–1900"
http://www.wikidata.org/entity/Q714681,"Michael de la Pole, 1st Earl of Suffolk",p2405.htm#i24047,1330-01-01T00:00:00Z,1389-09-05T00:00:00Z,,http://www.wikidata.org/prop/direct/P13591,http://www.wikidata.org/prop/direct/P13591,person/63f016e8-bb86-4456-a88a-9df52be98eb8,person/63f016e8-bb86-4456-a88a-9df52be98eb8
http://www.wikidata.org/entity/Q714681,"Michael de la Pole, 1st Earl of Suffolk",p2405.htm#i24047,1330-01-01T00:00:00Z,1389-09-05T00:00:00Z,,http://www.wikidata.org/prop/direct/P1415,http://www.wikidata.org/prop/direct/P1415,22452,22452
http://www.wikidata.org/entity/Q714681,"Michael de la Pole, 1st Earl of Suffolk",p2405.htm#i24047,1330-01-01T00:00:00Z,1389-09-05T00:00:00Z,,http://www.wikidata.org/prop/direct/P1430,http://www.wikidata.org/prop/direct/P1430,5324,5324
http://www.wikidata.org/entity/Q714681,"Michael de la Pole, 1st Earl of Suffolk",p2405.htm#i24047,1330-01-01T00:00:00Z,1389-09-05T00:00:00Z,,http://www.wikidata.org/prop/direct/P1819,http://www.wikidata.org/prop/direct/P1819,I00026545,I00026545
http://www.wikidata.org/entity/Q714681,"Michael de la Pole, 1st Earl of Suffolk",p2405.htm#i24047,1330-01-01T00:00:00Z,1389-09-05T00:00:00Z,,http://www.wikidata.org/prop/direct/P2163,http://www.wikidata.org/prop/direct/P2163,110084,110084
http://www.wikidata.org/entity/Q714681,"Michael de la Pole, 1st Earl of Suffolk",p2405.htm#i24047,1330-01-01T00:00:00Z,1389-09-05T00:00:00Z,,http://www.wikidata.org/prop/direct/P268,http://www.wikidata.org/prop/direct/P268,14564489g,14564489g
http://www.wikidata.org/entity/Q714681,"Michael de la Pole, 1st Earl of Suffolk",p2405.htm#i24047,1330-01-01T00:00:00Z,1389-09-05T00:00:00Z,,http://www.wikidata.org/prop/direct/P2949,http://www.wikidata.org/prop/direct/P2949,Pole-31,Pole-31
http://www.wikidata.org/entity/Q714681,"Michael de la Pole, 1st Earl of Suffolk",p2405.htm#i24047,1330-01-01T00:00:00Z,1389-09-05T00:00:00Z,,http://www.wikidata.org/prop/direct/P3373,http://www.wikidata.org/prop/direct/P3373,http://www.wikidata.org/entity/Q5339954,Edmund de la Pole
http://www.wikidata.org/entity/Q714681,"Michael de la Pole, 1st Earl of Suffolk",p2405.htm#i24047,1330-01-01T00:00:00Z,1389-09-05T00:00:00Z,,http://www.wikidata.org/prop/direct/P3430,http://www.wikidata.org/prop/direct/P3430,w6jq2fgf,w6jq2fgf
http://www.wikidata.org/entity/Q714681,"Michael de la Pole, 1st Earl of Suffolk",p2405.htm#i24047,1330-01-01T00:00:00Z,1389-09-05T00:00:00Z,,http://www.wikidata.org/prop/direct/P410,http://www.wikidata.org/prop/direct/P410,http://www.wikidata.org/entity/Q132851,admiral
http://www.wikidata.org/entity/Q714681,"Michael de la Pole, 1st Earl of Suffolk",p2405.htm#i24047,1330-01-01T00:00:00Z,1389-09-05T00:00:00Z,,http://www.wikidata.org/prop/direct/P4159,http://www.wikidata.org/prop/direct/P4159,Michael_de_la_Pole_(1),Michael_de_la_Pole_(1)
http://www.wikidata.org/entity/Q714681,"Michael de la Pole, 1st Earl of Suffolk",p2405.htm#i24047,1330-01-01T00:00:00Z,1389-09-05T00:00:00Z,,http://www.wikidata.org/prop/direct/P4638,http://www.wikidata.org/prop/direct/P4638,p2405.htm#i24047,p2405.htm#i24047
http://www.wikidata.org/entity/Q714681,"Michael de la Pole, 1st Earl of Suffolk",p2405.htm#i24047,1330-01-01T00:00:00Z,1389-09-05T00:00:00Z,,http://www.wikidata.org/prop/direct/P569,http://www.wikidata.org/prop/direct/P569,1330-01-01T00:00:00Z,1330-01-01T00:00:00Z
http://www.wikidata.org/entity/Q714681,"Michael de la Pole, 1st Earl of Suffolk",p2405.htm#i24047,1330-01-01T00:00:00Z,1389-09-05T00:00:00Z,,http://www.wikidata.org/prop/direct/P570,http://www.wikidata.org/prop/direct/P570,1389-09-05T00:00:00Z,1389-09-05T00:00:00Z
http://www.wikidata.org/entity/Q714681,"Michael de la Pole, 1st Earl of Suffolk",p2405.htm#i24047,1330-01-01T00:00:00Z,1389-09-05T00:00:00Z,,http://www.wikidata.org/prop/direct/P6060,http://www.wikidata.org/prop/direct/P6060,POLE3,POLE3
http://www.wikidata.org/entity/Q714681,"Michael de la Pole, 1st Earl of Suffolk",p2405.htm#i24047,1330-01-01T00:00:00Z,1389-09-05T00:00:00Z,,http://www.wikidata.org/prop/direct/P646,http://www.wikidata.org/prop/direct/P646,/m/0732v2,/m/0732v2
http://www.wikidata.org/entity/Q714681,"Michael de la Pole, 1st Earl of Suffolk",p2405.htm#i24047,1330-01-01T00:00:00Z,1389-09-05T00:00:00Z,,http://www.wikidata.org/prop/direct/P735,http://www.wikidata.org/prop/direct/P735,http://www.wikidata.org/entity/Q4927524,Michael
http://www.wikidata.org/entity/Q714681,"Michael de la Pole, 1st Earl of Suffolk",p2405.htm#i24047,1330-01-01T00:00:00Z,1389-09-05T00:00:00Z,,http://www.wikidata.org/prop/direct/P8189,http://www.wikidata.org/prop/direct/P8189,987007268630205171,987007268630205171
http://www.wikidata.org/entity/Q7147044,"Patrick Lyon, 1st Lord Glamis",p246.htm#i2457,1402-01-01T00:00:00Z,1459-03-30T00:00:00Z,,http://www.wikidata.org/prop/direct/P106,http://www.wikidata.org/prop/direct/P106,http://www.wikidata.org/entity/Q82955,politician
http://www.wikidata.org/entity/Q7147044,"Patrick Lyon, 1st Lord Glamis",p246.htm#i2457,1402-01-01T00:00:00Z,1459-03-30T00:00:00Z,,http://www.wikidata.org/prop/direct/P21,http://www.wikidata.org/prop/direct/P21,http://www.wikidata.org/entity/Q6581097,male
http://www.wikidata.org/entity/Q7147044,"Patrick Lyon, 1st Lord Glamis",p246.htm#i2457,1402-01-01T00:00:00Z,1459-03-30T00:00:00Z,,http://www.wikidata.org/prop/direct/P22,http://www.wikidata.org/prop/direct/P22,http://www.wikidata.org/entity/Q75388243,Sir John Lyon of Glamis
http://www.wikidata.org/entity/Q7147044,"Patrick Lyon, 1st Lord Glamis",p246.htm#i2457,1402-01-01T00:00:00Z,1459-03-30T00:00:00Z,,http://www.wikidata.org/prop/direct/P25,http://www.wikidata.org/prop/direct/P25,http://www.wikidata.org/entity/Q75388244,Elizabeth Graham
http://www.wikidata.org/entity/Q7147044,"Patrick Lyon, 1st Lord Glamis",p246.htm#i2457,1402-01-01T00:00:00Z,1459-03-30T00:00:00Z,,http://www.wikidata.org/prop/direct/P26,http://www.wikidata.org/prop/direct/P26,http://www.wikidata.org/entity/Q75388486,Isabel Ogilvy
http://www.wikidata.org/entity/Q7147044,"Patrick Lyon, 1st Lord Glamis",p246.htm#i2457,1402-01-01T00:00:00Z,1459-03-30T00:00:00Z,,http://www.wikidata.org/prop/direct/P31,http://www.wikidata.org/prop/direct/P31,http://www.wikidata.org/entity/Q5,human
http://www.wikidata.org/entity/Q7147044,"Patrick Lyon, 1st Lord Glamis",p246.htm#i2457,1402-01-01T00:00:00Z,1459-03-30T00:00:00Z,,http://www.wikidata.org/prop/direct/P39,http://www.wikidata.org/prop/direct/P39,http://www.wikidata.org/entity/Q18928999,Member of the Parliament of Scotland
http://www.wikidata.org/entity/Q7147044,"Patrick Lyon, 1st Lord Glamis",p246.htm#i2457,1402-01-01T00:00:00Z,1459-03-30T00:00:00Z,,http://www.wikidata.org/prop/direct/P40,http://www.wikidata.org/prop/direct/P40,http://www.wikidata.org/entity/Q16240355,"Alexander Lyon, 2nd Lord Glamis"
http://www.wikidata.org/entity/Q7147044,"Patrick Lyon, 1st Lord Glamis",p246.htm#i2457,1402-01-01T00:00:00Z,1459-03-30T00:00:00Z,,http://www.wikidata.org/prop/direct/P40,http://www.wikidata.org/prop/direct/P40,http://www.wikidata.org/entity/Q16850543,"John Lyon, 3rd Lord Glamis"
http://www.wikidata.org/entity/Q7147044,"Patrick Lyon, 1st Lord Glamis",p246.htm#i2457,1402-01-01T00:00:00Z,1459-03-30T00:00:00Z,,http://www.wikidata.org/prop/direct/P40,http://www.wikidata.org/prop/direct/P40,http://www.wikidata.org/entity/Q50824515,Violetta Lyon
http://www.wikidata.org/entity/Q7147044,"Patrick Lyon, 1st Lord Glamis",p246.htm#i2457,1402-01-01T00:00:00Z,1459-03-30T00:00:00Z,,http://www.wikidata.org/prop/direct/P40,http://www.wikidata.org/prop/direct/P40,http://www.wikidata.org/entity/Q75248996,Elizabeth Lyon
http://www.wikidata.org/entity/Q7147044,"Patrick Lyon, 1st Lord Glamis",p246.htm#i2457,1402-01-01T00:00:00Z,1459-03-30T00:00:00Z,,http://www.wikidata.org/prop/direct/P40,http://www.wikidata.org/prop/direct/P40,http://www.wikidata.org/entity/Q75253141,"William Lyon, 1st of Easter Ogil"
http://www.wikidata.org/entity/Q7147044,"Patrick Lyon, 1st Lord Glamis",p246.htm#i2457,1402-01-01T00:00:00Z,1459-03-30T00:00:00Z,,http://www.wikidata.org/prop/direct/P40,http://www.wikidata.org/prop/direct/P40,http://www.wikidata.org/entity/Q75254042,Patrick Lyon
http://www.wikidata.org/entity/Q7147044,"Patrick Lyon, 1st Lord Glamis",p246.htm#i2457,1402-01-01T00:00:00Z,1459-03-30T00:00:00Z,,http://www.wikidata.org/prop/direct/P1415,http://www.wikidata.org/prop/direct/P1415,54275,54275
http://www.wikidata.org/entity/Q7147044,"Patrick Lyon, 1st Lord Glamis",p246.htm#i2457,1402-01-01T00:00:00Z,1459-03-30T00:00:00Z,,http://www.wikidata.org/prop/direct/P1819,http://www.wikidata.org/prop/direct/P1819,I00021037,I00021037
http://www.wikidata.org/entity/Q7147044,"Patrick Lyon, 1st Lord Glamis",p246.htm#i2457,1402-01-01T00:00:00Z,1459-03-30T00:00:00Z,,http://www.wikidata.org/prop/direct/P2600,http://www.wikidata.org/prop/direct/P2600,6000000002187931915,6000000002187931915
http://www.wikidata.org/entity/Q7147044,"Patrick Lyon, 1st Lord Glamis",p246.htm#i2457,1402-01-01T00:00:00Z,1459-03-30T00:00:00Z,,http://www.wikidata.org/prop/direct/P2949,http://www.wikidata.org/prop/direct/P2949,Lyon-1093,Lyon-1093
http://www.wikidata.org/entity/Q7147044,"Patrick Lyon, 1st Lord Glamis",p246.htm#i2457,1402-01-01T00:00:00Z,1459-03-30T00:00:00Z,,http://www.wikidata.org/prop/direct/P3368,http://www.wikidata.org/prop/direct/P3368,2174588,2174588
http://www.wikidata.org/entity/Q7147044,"Patrick Lyon, 1st Lord Glamis",p246.htm#i2457,1402-01-01T00:00:00Z,1459-03-30T00:00:00Z,,http://www.wikidata.org/prop/direct/P4638,http://www.wikidata.org/prop/direct/P4638,p246.htm#i2457,p246.htm#i2457
http://www.wikidata.org/entity/Q7147044,"Patrick Lyon, 1st Lord Glamis",p246.htm#i2457,1402-01-01T00:00:00Z,1459-03-30T00:00:00Z,,http://www.wikidata.org/prop/direct/P569,http://www.wikidata.org/prop/direct/P569,1402-01-01T00:00:00Z,1402-01-01T00:00:00Z
http://www.wikidata.org/entity/Q7147044,"Patrick Lyon, 1st Lord Glamis",p246.htm#i2457,1402-01-01T00:00:00Z,1459-03-30T00:00:00Z,,http://www.wikidata.org/prop/direct/P570,http://www.wikidata.org/prop/direct/P570,1459-03-30T00:00:00Z,1459-03-30T00:00:00Z
http://www.wikidata.org/entity/Q7147044,"Patrick Lyon, 1st Lord Glamis",p246.htm#i2457,1402-01-01T00:00:00Z,1459-03-30T00:00:00Z,,http://www.wikidata.org/prop/direct/P646,http://www.wikidata.org/prop/direct/P646,/m/0gg62fq,/m/0gg62fq
http://www.wikidata.org/entity/Q7147044,"Patrick Lyon, 1st Lord Glamis",p246.htm#i2457,1402-01-01T00:00:00Z,1459-03-30T00:00:00Z,,http://www.wikidata.org/prop/direct/P735,http://www.wikidata.org/prop/direct/P735,http://www.wikidata.org/entity/Q18002623,Patrick
http://www.wikidata.org/entity/Q7147771,"Patrick V, Earl of March",p39238.htm#i392376,1285-01-01T00:00:00Z,1368-11-11T00:00:00Z,,http://www.wikidata.org/prop/direct/P106,http://www.wikidata.org/prop/direct/P106,http://www.wikidata.org/entity/Q82955,politician
http://www.wikidata.org/entity/Q7147771,"Patrick V, Earl of March",p39238.htm#i392376,1285-01-01T00:00:00Z,1369-01-01T00:00:00Z,,http://www.wikidata.org/prop/direct/P106,http://www.wikidata.org/prop/direct/P106,http://www.wikidata.org/entity/Q82955,politician
http://www.wikidata.org/entity/Q7147771,"Patrick V, Earl of March",p39238.htm#i392376,1285-01-01T00:00:00Z,1368-11-11T00:00:00Z,,http://www.wikidata.org/prop/direct/P19,http://www.wikidata.org/prop/direct/P19,http://www.wikidata.org/entity/Q207257,East Lothian
http://www.wikidata.org/entity/Q7147771,"Patrick V, Earl of March",p39238.htm#i392376,1285-01-01T00:00:00Z,1369-01-01T00:00:00Z,,http://www.wikidata.org/prop/direct/P19,http://www.wikidata.org/prop/direct/P19,http://www.wikidata.org/entity/Q207257,East Lothian
http://www.wikidata.org/entity/Q7147771,"Patrick V, Earl of March",p39238.htm#i392376,1285-01-01T00:00:00Z,1368-11-11T00:00:00Z,,http://www.wikidata.org/prop/direct/P21,http://www.wikidata.org/prop/direct/P21,http://www.wikidata.org/entity/Q6581097,male
http://www.wikidata.org/entity/Q7147771,"Patrick V, Earl of March",p39238.htm#i392376,1285-01-01T00:00:00Z,1369-01-01T00:00:00Z,,http://www.wikidata.org/prop/direct/P21,http://www.wikidata.org/prop/direct/P21,http://www.wikidata.org/entity/Q6581097,male
http://www.wikidata.org/entity/Q7147771,"Patrick V, Earl of March",p39238.htm#i392376,1285-01-01T00:00:00Z,1368-11-11T00:00:00Z,,http://www.wikidata.org/prop/direct/P22,http://www.wikidata.org/prop/direct/P22,http://www.wikidata.org/entity/Q7146786,"Patrick IV, Earl of March"
http://www.wikidata.org/entity/Q7147771,"Patrick V, Earl of March",p39238.htm#i392376,1285-01-01T00:00:00Z,1369-01-01T00:00:00Z,,http://www.wikidata.org/prop/direct/P22,http://www.wikidata.org/prop/direct/P22,http://www.wikidata.org/entity/Q7146786,"Patrick IV, Earl of March"
http://www.wikidata.org/entity/Q7147771,"Patrick V, Earl of March",p39238.htm#i392376,1285-01-01T00:00:00Z,1368-11-11T00:00:00Z,,http://www.wikidata.org/prop/direct/P25,http://www.wikidata.org/prop/direct/P25,http://www.wikidata.org/entity/Q75093879,Magjory Comyn
http://www.wikidata.org/entity/Q7147771,"Patrick V, Earl of March",p39238.htm#i392376,1285-01-01T00:00:00Z,1369-01-01T00:00:00Z,,http://www.wikidata.org/prop/direct/P25,http://www.wikidata.org/prop/direct/P25,http://www.wikidata.org/entity/Q75093879,Magjory Comyn
http://www.wikidata.org/entity/Q7147771,"Patrick V, Earl of March",p39238.htm#i392376,1285-01-01T00:00:00Z,1368-11-11T00:00:00Z,,http://www.wikidata.org/prop/direct/P26,http://www.wikidata.org/prop/direct/P26,http://www.wikidata.org/entity/Q4693105,Agnes Randolph
http://www.wikidata.org/entity/Q7147771,"Patrick V, Earl of March",p39238.htm#i392376,1285-01-01T00:00:00Z,1369-01-01T00:00:00Z,,http://www.wikidata.org/prop/direct/P26,http://www.wikidata.org/prop/direct/P26,http://www.wikidata.org/entity/Q4693105,Agnes Randolph
http://www.wikidata.org/entity/Q7147771,"Patrick V, Earl of March",p39238.htm#i392376,1285-01-01T00:00:00Z,1368-11-11T00:00:00Z,,http://www.wikidata.org/prop/direct/P26,http://www.wikidata.org/prop/direct/P26,http://www.wikidata.org/entity/Q75902142,Ermengarde (?)
http://www.wikidata.org/entity/Q7147771,"Patrick V, Earl of March",p39238.htm#i392376,1285-01-01T00:00:00Z,1369-01-01T00:00:00Z,,http://www.wikidata.org/prop/direct/P26,http://www.wikidata.org/prop/direct/P26,http://www.wikidata.org/entity/Q75902142,Ermengarde (?)
http://www.wikidata.org/entity/Q7147771,"Patrick V, Earl of March",p39238.htm#i392376,1285-01-01T00:00:00Z,1368-11-11T00:00:00Z,,http://www.wikidata.org/prop/direct/P27,http://www.wikidata.org/prop/direct/P27,http://www.wikidata.org/entity/Q230791,Kingdom of Scotland
http://www.wikidata.org/entity/Q7147771,"Patrick V, Earl of March",p39238.htm#i392376,1285-01-01T00:00:00Z,1369-01-01T00:00:00Z,,http://www.wikidata.org/prop/direct/P27,http://www.wikidata.org/prop/direct/P27,http://www.wikidata.org/entity/Q230791,Kingdom of Scotland
http://www.wikidata.org/entity/Q7147771,"Patrick V, Earl of March",p39238.htm#i392376,1285-01-01T00:00:00Z,1368-11-11T00:00:00Z,,http://www.wikidata.org/prop/direct/P31,http://www.wikidata.org/prop/direct/P31,http://www.wikidata.org/entity/Q5,human
http://www.wikidata.org/entity/Q7147771,"Patrick V, Earl of March",p39238.htm#i392376,1285-01-01T00:00:00Z,1369-01-01T00:00:00Z,,http://www.wikidata.org/prop/direct/P31,http://www.wikidata.org/prop/direct/P31,http://www.wikidata.org/entity/Q5,human
http://www.wikidata.org/entity/Q7147771,"Patrick V, Earl of March",p39238.htm#i392376,1285-01-01T00:00:00Z,1368-11-11T00:00:00Z,,http://www.wikidata.org/prop/direct/P39,http://www.wikidata.org/prop/direct/P39,http://www.wikidata.org/entity/Q1809853,Lord Warden of the Cinque Ports
http://www.wikidata.org/entity/Q7147771,"Patrick V, Earl of March",p39238.htm#i392376,1285-01-01T00:00:00Z,1369-01-01T00:00:00Z,,http://www.wikidata.org/prop/direct/P39,http://www.wikidata.org/prop/direct/P39,http://www.wikidata.org/entity/Q1809853,Lord Warden of the Cinque Ports
http://www.wikidata.org/entity/Q7147771,"Patrick V, Earl of March",p39238.htm#i392376,1285-01-01T00:00:00Z,1368-11-11T00:00:00Z,,http://www.wikidata.org/prop/direct/P40,http://www.wikidata.org/prop/direct/P40,http://www.wikidata.org/entity/Q75388093,"John de Dunbar, Earl of Fife"
http://www.wikidata.org/entity/Q7147771,"Patrick V, Earl of March",p39238.htm#i392376,1285-01-01T00:00:00Z,1369-01-01T00:00:00Z,,http://www.wikidata.org/prop/direct/P40,http://www.wikidata.org/prop/direct/P40,http://www.wikidata.org/entity/Q75388093,"John de Dunbar, Earl of Fife"
http://www.wikidata.org/entity/Q7147771,"Patrick V, Earl of March",p39238.htm#i392376,1285-01-01T00:00:00Z,1368-11-11T00:00:00Z,,http://www.wikidata.org/prop/direct/P40,http://www.wikidata.org/prop/direct/P40,http://www.wikidata.org/entity/Q75902144,Patrick Dunbar
http://www.wikidata.org/entity/Q7147771,"Patrick V, Earl of March",p39238.htm#i392376,1285-01-01T00:00:00Z,1369-01-01T00:00:00Z,,http://www.wikidata.org/prop/direct/P40,http://www.wikidata.org/prop/direct/P40,http://www.wikidata.org/entity/Q75902144,Patrick Dunbar
http://www.wikidata.org/entity/Q7147771,"Patrick V, Earl of March",p39238.htm#i392376,1285-01-01T00:00:00Z,1368-11-11T00:00:00Z,,http://www.wikidata.org/prop/direct/P94,http://www.wikidata.org/prop/direct/P94,http://commons.wikimedia.org/wiki/Special:FilePath/K-051-Coat%20of%20Arms-DUNBAR-Patrick%20de%20Dunbar%2C%20Earl%20of%20Dunbar%20%28%22Conte%20de%20La%C3%B6nois%22%29.png,http://commons.wikimedia.org/wiki/Special:FilePath/K-051-Coat%20of%20Arms-DUNBAR-Patrick%20de%20Dunbar%2C%20Earl%20of%20Dunbar%20%28%22Conte%20de%20La%C3%B6nois%22%29.png
http://www.wikidata.org/entity/Q7147771,"Patrick V, Earl of March",p39238.htm#i392376,1285-01-01T00:00:00Z,1369-01-01T00:00:00Z,,http://www.wikidata.org/prop/direct/P94,http://www.wikidata.org/prop/direct/P94,http://commons.wikimedia.org/wiki/Special:FilePath/K-051-Coat%20of%20Arms-DUNBAR-Patrick%20de%20Dunbar%2C%20Earl%20of%20Dunbar%20%28%22Conte%20de%20La%C3%B6nois%22%29.png,http://commons.wikimedia.org/wiki/Special:FilePath/K-051-Coat%20of%20Arms-DUNBAR-Patrick%20de%20Dunbar%2C%20Earl%20of%20Dunbar%20%28%22Conte%20de%20La%C3%B6nois%22%29.png
http://www.wikidata.org/entity/Q7147771,"Patrick V, Earl of March",p39238.htm#i392376,1285-01-01T00:00:00Z,1368-11-11T00:00:00Z,,http://www.wikidata.org/prop/direct/P97,http://www.wikidata.org/prop/direct/P97,http://www.wikidata.org/entity/Q1277260,Earl of Dunbar
http://www.wikidata.org/entity/Q7147771,"Patrick V, Earl of March",p39238.htm#i392376,1285-01-01T00:00:00Z,1369-01-01T00:00:00Z,,http://www.wikidata.org/prop/direct/P97,http://www.wikidata.org/prop/direct/P97,http://www.wikidata.org/entity/Q1277260,Earl of Dunbar
http://www.wikidata.org/entity/Q7147771,"Patrick V, Earl of March",p39238.htm#i392376,1285-01-01T00:00:00Z,1368-11-11T00:00:00Z,,http://www.wikidata.org/prop/direct/P97,http://www.wikidata.org/prop/direct/P97,http://www.wikidata.org/entity/Q1277363,Earl of March
http://www.wikidata.org/entity/Q7147771,"Patrick V, Earl of March",p39238.htm#i392376,1285-01-01T00:00:00Z,1369-01-01T00:00:00Z,,http://www.wikidata.org/prop/direct/P97,http://www.wikidata.org/prop/direct/P97,http://www.wikidata.org/entity/Q1277363,Earl of March
http://www.wikidata.org/entity/Q7147771,"Patrick V, Earl of March",p39238.htm#i392376,1285-01-01T00:00:00Z,1368-11-11T00:00:00Z,,http://www.wikidata.org/prop/direct/P1185,http://www.wikidata.org/prop/direct/P1185,110889,110889
http://www.wikidata.org/entity/Q7147771,"Patrick V, Earl of March",p39238.htm#i392376,1285-01-01T00:00:00Z,1369-01-01T00:00:00Z,,http://www.wikidata.org/prop/direct/P1185,http://www.wikidata.org/prop/direct/P1185,110889,110889
http://www.wikidata.org/entity/Q7147771,"Patrick V, Earl of March",p39238.htm#i392376,1285-01-01T00:00:00Z,1368-11-11T00:00:00Z,,http://www.wikidata.org/prop/direct/P1415,http://www.wikidata.org/prop/direct/P1415,8206,8206
http://www.wikidata.org/entity/Q7147771,"Patrick V, Earl of March",p39238.htm#i392376,1285-01-01T00:00:00Z,1369-01-01T00:00:00Z,,http://www.wikidata.org/prop/direct/P1415,http://www.wikidata.org/prop/direct/P1415,8206,8206
http://www.wikidata.org/entity/Q7147771,"Patrick V, Earl of March",p39238.htm#i392376,1285-01-01T00:00:00Z,1368-11-11T00:00:00Z,,http://www.wikidata.org/prop/direct/P1417,http://www.wikidata.org/prop/direct/P1417,biography/Patrick-Dunbar-2nd-Earl-of-March,biography/Patrick-Dunbar-2nd-Earl-of-March
http://www.wikidata.org/entity/Q7147771,"Patrick V, Earl of March",p39238.htm#i392376,1285-01-01T00:00:00Z,1369-01-01T00:00:00Z,,http://www.wikidata.org/prop/direct/P1417,http://www.wikidata.org/prop/direct/P1417,biography/Patrick-Dunbar-2nd-Earl-of-March,biography/Patrick-Dunbar-2nd-Earl-of-March
http://www.wikidata.org/entity/Q7147771,"Patrick V, Earl of March",p39238.htm#i392376,1285-01-01T00:00:00Z,1368-11-11T00:00:00Z,,http://www.wikidata.org/prop/direct/P1819,http://www.wikidata.org/prop/direct/P1819,I00164959,I00164959
http://www.wikidata.org/entity/Q7147771,"Patrick V, Earl of March",p39238.htm#i392376,1285-01-01T00:00:00Z,1369-01-01T00:00:00Z,,http://www.wikidata.org/prop/direct/P1819,http://www.wikidata.org/prop/direct/P1819,I00164959,I00164959
http://www.wikidata.org/entity/Q7147771,"Patrick V, Earl of March",p39238.htm#i392376,1285-01-01T00:00:00Z,1368-11-11T00:00:00Z,,http://www.wikidata.org/prop/direct/P2949,http://www.wikidata.org/prop/direct/P2949,Dunbar-219,Dunbar-219
http://www.wikidata.org/entity/Q7147771,"Patrick V, Earl of March",p39238.htm#i392376,1285-01-01T00:00:00Z,1369-01-01T00:00:00Z,,http://www.wikidata.org/prop/direct/P2949,http://www.wikidata.org/prop/direct/P2949,Dunbar-219,Dunbar-219
http://www.wikidata.org/entity/Q7147771,"Patrick V, Earl of March",p39238.htm#i392376,1285-01-01T00:00:00Z,1368-11-11T00:00:00Z,,http://www.wikidata.org/prop/direct/P4159,http://www.wikidata.org/prop/direct/P4159,Patrick_de_Dunbar_(1),Patrick_de_Dunbar_(1)
http://www.wikidata.org/entity/Q7147771,"Patrick V, Earl of March",p39238.htm#i392376,1285-01-01T00:00:00Z,1369-01-01T00:00:00Z,,http://www.wikidata.org/prop/direct/P4159,http://www.wikidata.org/prop/direct/P4159,Patrick_de_Dunbar_(1),Patrick_de_Dunbar_(1)
http://www.wikidata.org/entity/Q7147771,"Patrick V, Earl of March",p39238.htm#i392376,1285-01-01T00:00:00Z,1368-11-11T00:00:00Z,,http://www.wikidata.org/prop/direct/P4638,http://www.wikidata.org/prop/direct/P4638,p39238.htm#i392376,p39238.htm#i392376
http://www.wikidata.org/entity/Q7147771,"Patrick V, Earl of March",p39238.htm#i392376,1285-01-01T00:00:00Z,1369-01-01T00:00:00Z,,http://www.wikidata.org/prop/direct/P4638,http://www.wikidata.org/prop/direct/P4638,p39238.htm#i392376,p39238.htm#i392376
http://www.wikidata.org/entity/Q7147771,"Patrick V, Earl of March",p39238.htm#i392376,1285-01-01T00:00:00Z,1368-11-11T00:00:00Z,,http://www.wikidata.org/prop/direct/P569,http://www.wikidata.org/prop/direct/P569,1285-01-01T00:00:00Z,1285-01-01T00:00:00Z
http://www.wikidata.org/entity/Q7147771,"Patrick V, Earl of March",p39238.htm#i392376,1285-01-01T00:00:00Z,1369-01-01T00:00:00Z,,http://www.wikidata.org/prop/direct/P569,http://www.wikidata.org/prop/direct/P569,1285-01-01T00:00:00Z,1285-01-01T00:00:00Z
http://www.wikidata.org/entity/Q7147771,"Patrick V, Earl of March",p39238.htm#i392376,1285-01-01T00:00:00Z,1368-11-11T00:00:00Z,,http://www.wikidata.org/prop/direct/P570,http://www.wikidata.org/prop/direct/P570,1368-11-11T00:00:00Z,1368-11-11T00:00:00Z
http://www.wikidata.org/entity/Q7147771,"Patrick V, Earl of March",p39238.htm#i392376,1285-01-01T00:00:00Z,1369-01-01T00:00:00Z,,http://www.wikidata.org/prop/direct/P570,http://www.wikidata.org/prop/direct/P570,1368-11-11T00:00:00Z,1368-11-11T00:00:00Z
http://www.wikidata.org/entity/Q7147771,"Patrick V, Earl of March",p39238.htm#i392376,1285-01-01T00:00:00Z,1368-11-11T00:00:00Z,,http://www.wikidata.org/prop/direct/P570,http://www.wikidata.org/prop/direct/P570,1369-01-01T00:00:00Z,1369-01-01T00:00:00Z
http://www.wikidata.org/entity/Q7147771,"Patrick V, Earl of March",p39238.htm#i392376,1285-01-01T00:00:00Z,1369-01-01T00:00:00Z,,http://www.wikidata.org/prop/direct/P570,http://www.wikidata.org/prop/direct/P570,1369-01-01T00:00:00Z,1369-01-01T00:00:00Z
http://www.wikidata.org/entity/Q7147771,"Patrick V, Earl of March",p39238.htm#i392376,1285-01-01T00:00:00Z,1368-11-11T00:00:00Z,,http://www.wikidata.org/prop/direct/P646,http://www.wikidata.org/prop/direct/P646,/m/03zx5s,/m/03zx5s
http://www.wikidata.org/entity/Q7147771,"Patrick V, Earl of March",p39238.htm#i392376,1285-01-01T00:00:00Z,1369-01-01T00:00:00Z,,http://www.wikidata.org/prop/direct/P646,http://www.wikidata.org/prop/direct/P646,/m/03zx5s,/m/03zx5s
http://www.wikidata.org/entity/Q7147771,"Patrick V, Earl of March",p39238.htm#i392376,1285-01-01T00:00:00Z,1368-11-11T00:00:00Z,,http://www.wikidata.org/prop/direct/P735,http://www.wikidata.org/prop/direct/P735,http://www.wikidata.org/entity/Q18002623,Patrick
http://www.wikidata.org/entity/Q7147771,"Patrick V, Earl of March",p39238.htm#i392376,1285-01-01T00:00:00Z,1369-01-01T00:00:00Z,,http://www.wikidata.org/prop/direct/P735,http://www.wikidata.org/prop/direct/P735,http://www.wikidata.org/entity/Q18002623,Patrick
http://www.wikidata.org/entity/Q7147771,"Patrick V, Earl of March",p39238.htm#i392376,1285-01-01T00:00:00Z,1368-11-11T00:00:00Z,,http://www.wikidata.org/prop/direct/P7929,http://www.wikidata.org/prop/direct/P7929,p=patrick;n=of dunbar;oc=4,p=patrick;n=of dunbar;oc=4
http://www.wikidata.org/entity/Q7147771,"Patrick V, Earl of March",p39238.htm#i392376,1285-01-01T00:00:00Z,1369-01-01T00:00:00Z,,http://www.wikidata.org/prop/direct/P7929,http://www.wikidata.org/prop/direct/P7929,p=patrick;n=of dunbar;oc=4,p=patrick;n=of dunbar;oc=4
http://www.wikidata.org/entity/Q714866,Ulrich of Augsburg,p67221.htm#i672205,0890-01-01T00:00:00Z,0973-07-09T00:00:00Z,,http://www.wikidata.org/prop/direct/P106,http://www.wikidata.org/prop/direct/P106,http://www.wikidata.org/entity/Q611644,Catholic bishop
http://www.wikidata.org/entity/Q714866,Ulrich of Augsburg,p67221.htm#i672205,0890-01-01T00:00:00Z,0973-07-09T00:00:00Z,,http://www.wikidata.org/prop/direct/P119,http://www.wikidata.org/prop/direct/P119,http://www.wikidata.org/entity/Q14524013,St. Ulrich's and St. Afra's Abbey
http://www.wikidata.org/entity/Q714866,Ulrich of Augsburg,p67221.htm#i672205,0890-01-01T00:00:00Z,0973-07-09T00:00:00Z,,http://www.wikidata.org/prop/direct/P140,http://www.wikidata.org/prop/direct/P140,http://www.wikidata.org/entity/Q9592,Catholic Church
http://www.wikidata.org/entity/Q714866,Ulrich of Augsburg,p67221.htm#i672205,0890-01-01T00:00:00Z,0973-07-09T00:00:00Z,,http://www.wikidata.org/prop/direct/P18,http://www.wikidata.org/prop/direct/P18,http://commons.wikimedia.org/wiki/Special:FilePath/Meister%20von%20Me%C3%9Fkirch%20-%20Linker%20Fl%C3%BCgel%20eines%20Altares%2C%20Hl.%20Ulrich%20-%208696%20-%20Bavarian%20State%20Painting%20Collections.jpg,http://commons.wikimedia.org/wiki/Special:FilePath/Meister%20von%20Me%C3%9Fkirch%20-%20Linker%20Fl%C3%BCgel%20eines%20Altares%2C%20Hl.%20Ulrich%20-%208696%20-%20Bavarian%20State%20Painting%20Collections.jpg
http://www.wikidata.org/entity/Q714866,Ulrich of Augsburg,p67221.htm#i672205,0890-01-01T00:00:00Z,0973-07-09T00:00:00Z,,http://www.wikidata.org/prop/direct/P19,http://www.wikidata.org/prop/direct/P19,http://www.wikidata.org/entity/Q517577,Wittislingen
http://www.wikidata.org/entity/Q714866,Ulrich of Augsburg,p67221.htm#i672205,0890-01-01T00:00:00Z,0973-07-09T00:00:00Z,,http://www.wikidata.org/prop/direct/P20,http://www.wikidata.org/prop/direct/P20,http://www.wikidata.org/entity/Q2749,Augsburg
http://www.wikidata.org/entity/Q714866,Ulrich of Augsburg,p67221.htm#i672205,0890-01-01T00:00:00Z,0973-07-09T00:00:00Z,,http://www.wikidata.org/prop/direct/P21,http://www.wikidata.org/prop/direct/P21,http://www.wikidata.org/entity/Q6581097,male
http://www.wikidata.org/entity/Q714866,Ulrich of Augsburg,p67221.htm#i672205,0890-01-01T00:00:00Z,0973-07-09T00:00:00Z,,http://www.wikidata.org/prop/direct/P213,http://www.wikidata.org/prop/direct/P213,0000000399440884,0000000399440884
http://www.wikidata.org/entity/Q714866,Ulrich of Augsburg,p67221.htm#i672205,0890-01-01T00:00:00Z,0973-07-09T00:00:00Z,,http://www.wikidata.org/prop/direct/P214,http://www.wikidata.org/prop/direct/P214,293623348,293623348
http://www.wikidata.org/entity/Q714866,Ulrich of Augsburg,p67221.htm#i672205,0890-01-01T00:00:00Z,0973-07-09T00:00:00Z,,http://www.wikidata.org/prop/direct/P22,http://www.wikidata.org/prop/direct/P22,http://www.wikidata.org/entity/Q60809216,Hupald I Graf von Dillingen
http://www.wikidata.org/entity/Q714866,Ulrich of Augsburg,p67221.htm#i672205,0890-01-01T00:00:00Z,0973-07-09T00:00:00Z,,http://www.wikidata.org/prop/direct/P227,http://www.wikidata.org/prop/direct/P227,118625284,118625284
http://www.wikidata.org/entity/Q714866,Ulrich of Augsburg,p67221.htm#i672205,0890-01-01T00:00:00Z,0973-07-09T00:00:00Z,,http://www.wikidata.org/prop/direct/P244,http://www.wikidata.org/prop/direct/P244,n84189313,n84189313
http://www.wikidata.org/entity/Q714866,Ulrich of Augsburg,p67221.htm#i672205,0890-01-01T00:00:00Z,0973-07-09T00:00:00Z,,http://www.wikidata.org/prop/direct/P25,http://www.wikidata.org/prop/direct/P25,http://www.wikidata.org/entity/Q76300538,Dietbirg von Thurgau
http://www.wikidata.org/entity/Q714866,Ulrich of Augsburg,p67221.htm#i672205,0890-01-01T00:00:00Z,0973-07-09T00:00:00Z,,http://www.wikidata.org/prop/direct/P27,http://www.wikidata.org/prop/direct/P27,http://www.wikidata.org/entity/Q153080,East Francia
http://www.wikidata.org/entity/Q714866,Ulrich of Augsburg,p67221.htm#i672205,0890-01-01T00:00:00Z,0973-07-09T00:00:00Z,,http://www.wikidata.org/prop/direct/P31,http://www.wikidata.org/prop/direct/P31,http://www.wikidata.org/entity/Q5,human
http://www.wikidata.org/entity/Q714866,Ulrich of Augsburg,p67221.htm#i672205,0890-01-01T00:00:00Z,0973-07-09T00:00:00Z,,http://www.wikidata.org/prop/direct/P39,http://www.wikidata.org/prop/direct/P39,http://www.wikidata.org/entity/Q111730373,Roman Catholic Bishop of Augsburg
http://www.wikidata.org/entity/Q714866,Ulrich of Augsburg,p67221.htm#i672205,0890-01-01T00:00:00Z,0973-07-09T00:00:00Z,,http://www.wikidata.org/prop/direct/P1006,http://www.wikidata.org/prop/direct/P1006,089765869,089765869
http://www.wikidata.org/entity/Q714866,Ulrich of Augsburg,p67221.htm#i672205,0890-01-01T00:00:00Z,0973-07-09T00:00:00Z,,http://www.wikidata.org/prop/direct/P10297,http://www.wikidata.org/prop/direct/P10297,m0h6wj,m0h6wj
http://www.wikidata.org/entity/Q714866,Ulrich of Augsburg,p67221.htm#i672205,0890-01-01T00:00:00Z,0973-07-09T00:00:00Z,,http://www.wikidata.org/prop/direct/P1047,http://www.wikidata.org/prop/direct/P1047,ulrch,ulrch
http://www.wikidata.org/entity/Q714866,Ulrich of Augsburg,p67221.htm#i672205,0890-01-01T00:00:00Z,0973-07-09T00:00:00Z,,http://www.wikidata.org/prop/direct/P10553,http://www.wikidata.org/prop/direct/P10553,079413668,079413668
http://www.wikidata.org/entity/Q714866,Ulrich of Augsburg,p67221.htm#i672205,0890-01-01T00:00:00Z,0973-07-09T00:00:00Z,,http://www.wikidata.org/prop/direct/P10799,http://www.wikidata.org/prop/direct/P10799,07/04/07-04-0973-ulrich,07/04/07-04-0973-ulrich
http://www.wikidata.org/entity/Q714866,Ulrich of Augsburg,p67221.htm#i672205,0890-01-01T00:00:00Z,0973-07-09T00:00:00Z,,http://www.wikidata.org/prop/direct/P10832,http://www.wikidata.org/prop/direct/P10832,E39PBJmxXgd8Gdtx6HKvv43bBP,E39PBJmxXgd8Gdtx6HKvv43bBP
http://www.wikidata.org/entity/Q714866,Ulrich of Augsburg,p67221.htm#i672205,0890-01-01T00:00:00Z,0973-07-09T00:00:00Z,,http://www.wikidata.org/prop/direct/P11249,http://www.wikidata.org/prop/direct/P11249,14883612,14883612
http://www.wikidata.org/entity/Q714866,Ulrich of Augsburg,p67221.htm#i672205,0890-01-01T00:00:00Z,0973-07-09T00:00:00Z,,http://www.wikidata.org/prop/direct/P11835,http://www.wikidata.org/prop/direct/P11835,2814,2814
http://www.wikidata.org/entity/Q714866,Ulrich of Augsburg,p67221.htm#i672205,0890-01-01T00:00:00Z,0973-07-09T00:00:00Z,,http://www.wikidata.org/prop/direct/P1207,http://www.wikidata.org/prop/direct/P1207,n2016079537,n2016079537
http://www.wikidata.org/entity/Q714866,Ulrich of Augsburg,p67221.htm#i672205,0890-01-01T00:00:00Z,0973-07-09T00:00:00Z,,http://www.wikidata.org/prop/direct/P12458,http://www.wikidata.org/prop/direct/P12458,232171,232171
http://www.wikidata.org/entity/Q714866,Ulrich of Augsburg,p67221.htm#i672205,0890-01-01T00:00:00Z,0973-07-09T00:00:00Z,,http://www.wikidata.org/prop/direct/P12582,http://www.wikidata.org/prop/direct/P12582,20110803110535178,20110803110535178
http://www.wikidata.org/entity/Q714866,Ulrich of Augsburg,p67221.htm#i672205,0890-01-01T00:00:00Z,0973-07-09T00:00:00Z,,http://www.wikidata.org/prop/direct/P12597,http://www.wikidata.org/prop/direct/P12597,15449,15449
http://www.wikidata.org/entity/Q714866,Ulrich of Augsburg,p67221.htm#i672205,0890-01-01T00:00:00Z,0973-07-09T00:00:00Z,,http://www.wikidata.org/prop/direct/P1280,http://www.wikidata.org/prop/direct/P1280,207763299,207763299
http://www.wikidata.org/entity/Q714866,Ulrich of Augsburg,p67221.htm#i672205,0890-01-01T00:00:00Z,0973-07-09T00:00:00Z,,http://www.wikidata.org/prop/direct/P13030,http://www.wikidata.org/prop/direct/P13030,person/1464,person/1464
http://www.wikidata.org/entity/Q714866,Ulrich of Augsburg,p67221.htm#i672205,0890-01-01T00:00:00Z,0973-07-09T00:00:00Z,,http://www.wikidata.org/prop/direct/P13049,http://www.wikidata.org/prop/direct/P13049,118625284,118625284
http://www.wikidata.org/entity/Q714866,Ulrich of Augsburg,p67221.htm#i672205,0890-01-01T00:00:00Z,0973-07-09T00:00:00Z,,http://www.wikidata.org/prop/direct/P13166,http://www.wikidata.org/prop/direct/P13166,195814,195814
http://www.wikidata.org/entity/Q714866,Ulrich of Augsburg,p67221.htm#i672205,0890-01-01T00:00:00Z,0973-07-09T00:00:00Z,,http://www.wikidata.org/prop/direct/P1343,http://www.wikidata.org/prop/direct/P1343,http://www.wikidata.org/entity/Q590208,Allgemeine Deutsche Biographie
http://www.wikidata.org/entity/Q714866,Ulrich of Augsburg,p67221.htm#i672205,0890-01-01T00:00:00Z,0973-07-09T00:00:00Z,,http://www.wikidata.org/prop/direct/P13591,http://www.wikidata.org/prop/direct/P13591,person/7b678954-962d-45e1-9d14-84c92576ad9c,person/7b678954-962d-45e1-9d14-84c92576ad9c
http://www.wikidata.org/entity/Q714866,Ulrich of Augsburg,p67221.htm#i672205,0890-01-01T00:00:00Z,0973-07-09T00:00:00Z,,http://www.wikidata.org/prop/direct/P13627,http://www.wikidata.org/prop/direct/P13627,1043242627,1043242627
http://www.wikidata.org/entity/Q714866,Ulrich of Augsburg,p67221.htm#i672205,0890-01-01T00:00:00Z,0973-07-09T00:00:00Z,,http://www.wikidata.org/prop/direct/P1412,http://www.wikidata.org/prop/direct/P1412,http://www.wikidata.org/entity/Q188,German
http://www.wikidata.org/entity/Q714866,Ulrich of Augsburg,p67221.htm#i672205,0890-01-01T00:00:00Z,0973-07-09T00:00:00Z,,http://www.wikidata.org/prop/direct/P1412,http://www.wikidata.org/prop/direct/P1412,http://www.wikidata.org/entity/Q1163234,medieval Latin
http://www.wikidata.org/entity/Q714866,Ulrich of Augsburg,p67221.htm#i672205,0890-01-01T00:00:00Z,0973-07-09T00:00:00Z,,http://www.wikidata.org/prop/direct/P1417,http://www.wikidata.org/prop/direct/P1417,biography/Saint-Ulrich,biography/Saint-Ulrich
http://www.wikidata.org/entity/Q714866,Ulrich of Augsburg,p67221.htm#i672205,0890-01-01T00:00:00Z,0973-07-09T00:00:00Z,,http://www.wikidata.org/prop/direct/P1442,http://www.wikidata.org/prop/direct/P1442,http://commons.wikimedia.org/wiki/Special:FilePath/2019-01-27%20Augsburg%20019.%20St.%20Ulrich%20und%20Afra%2C%20Ulrichsgrab%20%2846239567635%29.jpg,http://commons.wikimedia.org/wiki/Special:FilePath/2019-01-27%20Augsburg%20019.%20St.%20Ulrich%20und%20Afra%2C%20Ulrichsgrab%20%2846239567635%29.jpg
http://www.wikidata.org/entity/Q714866,Ulrich of Augsburg,p67221.htm#i672205,0890-01-01T00:00:00Z,0973-07-09T00:00:00Z,,http://www.wikidata.org/prop/direct/P1442,http://www.wikidata.org/prop/direct/P1442,http://commons.wikimedia.org/wiki/Special:FilePath/Grab%20Ulrich.JPG,http://commons.wikimedia.org/wiki/Special:FilePath/Grab%20Ulrich.JPG
http://www.wikidata.org/entity/Q714866,Ulrich of Augsburg,p67221.htm#i672205,0890-01-01T00:00:00Z,0973-07-09T00:00:00Z,,http://www.wikidata.org/prop/direct/P1442,http://www.wikidata.org/prop/direct/P1442,http://commons.wikimedia.org/wiki/Special:FilePath/Grablege%20St.%20Ulrich%20und%20St.%20Afra.JPG,http://commons.wikimedia.org/wiki/Special:FilePath/Grablege%20St.%20Ulrich%20und%20St.%20Afra.JPG
http://www.wikidata.org/entity/Q714866,Ulrich of Augsburg,p67221.htm#i672205,0890-01-01T00:00:00Z,0973-07-09T00:00:00Z,,http://www.wikidata.org/prop/direct/P1442,http://www.wikidata.org/prop/direct/P1442,http://commons.wikimedia.org/wiki/Special:FilePath/St.%20Ulrich%20und%20St.%20Afra%20%28Augsburg%29%2017.JPG,http://commons.wikimedia.org/wiki/Special:FilePath/St.%20Ulrich%20und%20St.%20Afra%20%28Augsburg%29%2017.JPG
http://www.wikidata.org/entity/Q714866,Ulrich of Augsburg,p67221.htm#i672205,0890-01-01T00:00:00Z,0973-07-09T00:00:00Z,,http://www.wikidata.org/prop/direct/P1472,http://www.wikidata.org/prop/direct/P1472,Saint Ulrich of Augsburg,Saint Ulrich of Augsburg
http://www.wikidata.org/entity/Q714866,Ulrich of Augsburg,p67221.htm#i672205,0890-01-01T00:00:00Z,0973-07-09T00:00:00Z,,http://www.wikidata.org/prop/direct/P1559,http://www.wikidata.org/prop/direct/P1559,Ulrich von Augsburg,Ulrich von Augsburg
http://www.wikidata.org/entity/Q714866,Ulrich of Augsburg,p67221.htm#i672205,0890-01-01T00:00:00Z,0973-07-09T00:00:00Z,,http://www.wikidata.org/prop/direct/P1559,http://www.wikidata.org/prop/direct/P1559,Ulrich von Augsburg,Ulrich von Augsburg
http://www.wikidata.org/entity/Q714866,Ulrich of Augsburg,p67221.htm#i672205,0890-01-01T00:00:00Z,0973-07-09T00:00:00Z,,http://www.wikidata.org/prop/direct/P1580,http://www.wikidata.org/prop/direct/P1580,a1110972,a1110972
http://www.wikidata.org/entity/Q714866,Ulrich of Augsburg,p67221.htm#i672205,0890-01-01T00:00:00Z,0973-07-09T00:00:00Z,,http://www.wikidata.org/prop/direct/P1711,http://www.wikidata.org/prop/direct/P1711,182288,182288
http://www.wikidata.org/entity/Q714866,Ulrich of Augsburg,p67221.htm#i672205,0890-01-01T00:00:00Z,0973-07-09T00:00:00Z,,http://www.wikidata.org/prop/direct/P1711,http://www.wikidata.org/prop/direct/P1711,79318,79318
http://www.wikidata.org/entity/Q714866,Ulrich of Augsburg,p67221.htm#i672205,0890-01-01T00:00:00Z,0973-07-09T00:00:00Z,,http://www.wikidata.org/prop/direct/P1871,http://www.wikidata.org/prop/direct/P1871,cnp00961762,cnp00961762
http://www.wikidata.org/entity/Q714866,Ulrich of Augsburg,p67221.htm#i672205,0890-01-01T00:00:00Z,0973-07-09T00:00:00Z,,http://www.wikidata.org/prop/direct/P1871,http://www.wikidata.org/prop/direct/P1871,cnp01467069,cnp01467069
http://www.wikidata.org/entity/Q714866,Ulrich of Augsburg,p67221.htm#i672205,0890-01-01T00:00:00Z,0973-07-09T00:00:00Z,,http://www.wikidata.org/prop/direct/P2163,http://www.wikidata.org/prop/direct/P2163,143293,143293
http://www.wikidata.org/entity/Q714866,Ulrich of Augsburg,p67221.htm#i672205,0890-01-01T00:00:00Z,0973-07-09T00:00:00Z,,http://www.wikidata.org/prop/direct/P2600,http://www.wikidata.org/prop/direct/P2600,6000000011797607576,6000000011797607576
http://www.wikidata.org/entity/Q714866,Ulrich of Augsburg,p67221.htm#i672205,0890-01-01T00:00:00Z,0973-07-09T00:00:00Z,,http://www.wikidata.org/prop/direct/P268,http://www.wikidata.org/prop/direct/P268,131783766,131783766
http://www.wikidata.org/entity/Q714866,Ulrich of Augsburg,p67221.htm#i672205,0890-01-01T00:00:00Z,0973-07-09T00:00:00Z,,http://www.wikidata.org/prop/direct/P269,http://www.wikidata.org/prop/direct/P269,136064000,136064000
http://www.wikidata.org/entity/Q714866,Ulrich of Augsburg,p67221.htm#i672205,0890-01-01T00:00:00Z,0973-07-09T00:00:00Z,,http://www.wikidata.org/prop/direct/P2868,http://www.wikidata.org/prop/direct/P2868,http://www.wikidata.org/entity/Q29182,bishop
http://www.wikidata.org/entity/Q714866,Ulrich of Augsburg,p67221.htm#i672205,0890-01-01T00:00:00Z,0973-07-09T00:00:00Z,,http://www.wikidata.org/prop/direct/P3065,http://www.wikidata.org/prop/direct/P3065,A012804545,A012804545
http://www.wikidata.org/entity/Q714866,Ulrich of Augsburg,p67221.htm#i672205,0890-01-01T00:00:00Z,0973-07-09T00:00:00Z,,http://www.wikidata.org/prop/direct/P3241,http://www.wikidata.org/prop/direct/P3241,15123a,15123a
http://www.wikidata.org/entity/Q714866,Ulrich of Augsburg,p67221.htm#i672205,0890-01-01T00:00:00Z,0973-07-09T00:00:00Z,,http://www.wikidata.org/prop/direct/P3365,http://www.wikidata.org/prop/direct/P3365,santo-ulrico,santo-ulrico
http://www.wikidata.org/entity/Q714866,Ulrich of Augsburg,p67221.htm#i672205,0890-01-01T00:00:00Z,0973-07-09T00:00:00Z,,http://www.wikidata.org/prop/direct/P3373,http://www.wikidata.org/prop/direct/P3373,http://www.wikidata.org/entity/Q60809240,Dietwald von Dillingen
http://www.wikidata.org/entity/Q714866,Ulrich of Augsburg,p67221.htm#i672205,0890-01-01T00:00:00Z,0973-07-09T00:00:00Z,,http://www.wikidata.org/prop/direct/P3430,http://www.wikidata.org/prop/direct/P3430,w6zk81cr,w6zk81cr
http://www.wikidata.org/entity/Q714866,Ulrich of Augsburg,p67221.htm#i672205,0890-01-01T00:00:00Z,0973-07-09T00:00:00Z,,http://www.wikidata.org/prop/direct/P373,http://www.wikidata.org/prop/direct/P373,Saint Ulrich of Augsburg,Saint Ulrich of Augsburg
http://www.wikidata.org/entity/Q714866,Ulrich of Augsburg,p67221.htm#i672205,0890-01-01T00:00:00Z,0973-07-09T00:00:00Z,,http://www.wikidata.org/prop/direct/P411,http://www.wikidata.org/prop/direct/P411,http://www.wikidata.org/entity/Q123110154,canonized saint
http://www.wikidata.org/entity/Q714866,Ulrich of Augsburg,p67221.htm#i672205,0890-01-01T00:00:00Z,0973-07-09T00:00:00Z,,http://www.wikidata.org/prop/direct/P4159,http://www.wikidata.org/prop/direct/P4159,Ulrich_of_Augsburg_(1),Ulrich_of_Augsburg_(1)
http://www.wikidata.org/entity/Q714866,Ulrich of Augsburg,p67221.htm#i672205,0890-01-01T00:00:00Z,0973-07-09T00:00:00Z,,http://www.wikidata.org/prop/direct/P4185,http://www.wikidata.org/prop/direct/P4185,http://www.wikidata.org/entity/Q152,fish
http://www.wikidata.org/entity/Q714866,Ulrich of Augsburg,p67221.htm#i672205,0890-01-01T00:00:00Z,0973-07-09T00:00:00Z,,http://www.wikidata.org/prop/direct/P4185,http://www.wikidata.org/prop/direct/P4185,http://www.wikidata.org/entity/Q571,book
http://www.wikidata.org/entity/Q714866,Ulrich of Augsburg,p67221.htm#i672205,0890-01-01T00:00:00Z,0973-07-09T00:00:00Z,,http://www.wikidata.org/prop/direct/P4638,http://www.wikidata.org/prop/direct/P4638,p67221.htm#i672205,p67221.htm#i672205
http://www.wikidata.org/entity/Q714866,Ulrich of Augsburg,p67221.htm#i672205,0890-01-01T00:00:00Z,0973-07-09T00:00:00Z,,http://www.wikidata.org/prop/direct/P5019,http://www.wikidata.org/prop/direct/P5019,ulrich-von-augsburg,ulrich-von-augsburg
http://www.wikidata.org/entity/Q714866,Ulrich of Augsburg,p67221.htm#i672205,0890-01-01T00:00:00Z,0973-07-09T00:00:00Z,,http://www.wikidata.org/prop/direct/P569,http://www.wikidata.org/prop/direct/P569,0890-01-01T00:00:00Z,0890-01-01T00:00:00Z
http://www.wikidata.org/entity/Q714866,Ulrich of Augsburg,p67221.htm#i672205,0890-01-01T00:00:00Z,0973-07-09T00:00:00Z,,http://www.wikidata.org/prop/direct/P570,http://www.wikidata.org/prop/direct/P570,0973-07-09T00:00:00Z,0973-07-09T00:00:00Z
http://www.wikidata.org/entity/Q714866,Ulrich of Augsburg,p67221.htm#i672205,0890-01-01T00:00:00Z,0973-07-09T00:00:00Z,,http://www.wikidata.org/prop/direct/P5739,http://www.wikidata.org/prop/direct/P5739,80382,80382
http://www.wikidata.org/entity/Q714866,Ulrich of Augsburg,p67221.htm#i672205,0890-01-01T00:00:00Z,0973-07-09T00:00:00Z,,http://www.wikidata.org/prop/direct/P6126,http://www.wikidata.org/prop/direct/P6126,60660,60660
http://www.wikidata.org/entity/Q714866,Ulrich of Augsburg,p67221.htm#i672205,0890-01-01T00:00:00Z,0973-07-09T00:00:00Z,,http://www.wikidata.org/prop/direct/P6379,http://www.wikidata.org/prop/direct/P6379,http://www.wikidata.org/entity/Q213322,Victoria and Albert Museum
http://www.wikidata.org/entity/Q714866,Ulrich of Augsburg,p67221.htm#i672205,0890-01-01T00:00:00Z,0973-07-09T00:00:00Z,,http://www.wikidata.org/prop/direct/P646,http://www.wikidata.org/prop/direct/P646,/m/0h6wj,/m/0h6wj
http://www.wikidata.org/entity/Q714866,Ulrich of Augsburg,p67221.htm#i672205,0890-01-01T00:00:00Z,0973-07-09T00:00:00Z,,http://www.wikidata.org/prop/direct/P648,http://www.wikidata.org/prop/direct/P648,OL6399263A,OL6399263A
http://www.wikidata.org/entity/Q714866,Ulrich of Augsburg,p67221.htm#i672205,0890-01-01T00:00:00Z,0973-07-09T00:00:00Z,,http://www.wikidata.org/prop/direct/P6764,http://www.wikidata.org/prop/direct/P6764,N6935,N6935
http://www.wikidata.org/entity/Q714866,Ulrich of Augsburg,p67221.htm#i672205,0890-01-01T00:00:00Z,0973-07-09T00:00:00Z,,http://www.wikidata.org/prop/direct/P691,http://www.wikidata.org/prop/direct/P691,jo2006333757,jo2006333757
http://www.wikidata.org/entity/Q714866,Ulrich of Augsburg,p67221.htm#i672205,0890-01-01T00:00:00Z,0973-07-09T00:00:00Z,,http://www.wikidata.org/prop/direct/P7038,http://www.wikidata.org/prop/direct/P7038,30_10_0924-0973-_Udalricus_Augustianus_Episcopus,30_10_0924-0973-_Udalricus_Augustianus_Episcopus
http://www.wikidata.org/entity/Q714866,Ulrich of Augsburg,p67221.htm#i672205,0890-01-01T00:00:00Z,0973-07-09T00:00:00Z,,http://www.wikidata.org/prop/direct/P7293,http://www.wikidata.org/prop/direct/P7293,9810555860805606,9810555860805606
http://www.wikidata.org/entity/Q714866,Ulrich of Augsburg,p67221.htm#i672205,0890-01-01T00:00:00Z,0973-07-09T00:00:00Z,,http://www.wikidata.org/prop/direct/P735,http://www.wikidata.org/prop/direct/P735,http://www.wikidata.org/entity/Q18011418,Ulrich
http://www.wikidata.org/entity/Q714866,Ulrich of Augsburg,p67221.htm#i672205,0890-01-01T00:00:00Z,0973-07-09T00:00:00Z,,http://www.wikidata.org/prop/direct/P7763,http://www.wikidata.org/prop/direct/P7763,http://www.wikidata.org/entity/Q71887839,copyrights on works have expired
http://www.wikidata.org/entity/Q714866,Ulrich of Augsburg,p67221.htm#i672205,0890-01-01T00:00:00Z,0973-07-09T00:00:00Z,,http://www.wikidata.org/prop/direct/P7902,http://www.wikidata.org/prop/direct/P7902,118625284,118625284
http://www.wikidata.org/entity/Q714866,Ulrich of Augsburg,p67221.htm#i672205,0890-01-01T00:00:00Z,0973-07-09T00:00:00Z,,http://www.wikidata.org/prop/direct/P7908,http://www.wikidata.org/prop/direct/P7908,2B3D727DF92B494BBB19C82D5AC82163,2B3D727DF92B494BBB19C82D5AC82163
http://www.wikidata.org/entity/Q714866,Ulrich of Augsburg,p67221.htm#i672205,0890-01-01T00:00:00Z,0973-07-09T00:00:00Z,,http://www.wikidata.org/prop/direct/P7929,http://www.wikidata.org/prop/direct/P7929,p=ulrich;n=von augsburg,p=ulrich;n=von augsburg
http://www.wikidata.org/entity/Q714866,Ulrich of Augsburg,p67221.htm#i672205,0890-01-01T00:00:00Z,0973-07-09T00:00:00Z,,http://www.wikidata.org/prop/direct/P7935,http://www.wikidata.org/prop/direct/P7935,Udalricus_Augustanus,Udalricus_Augustanus
http://www.wikidata.org/entity/Q714866,Ulrich of Augsburg,p67221.htm#i672205,0890-01-01T00:00:00Z,0973-07-09T00:00:00Z,,http://www.wikidata.org/prop/direct/P8034,http://www.wikidata.org/prop/direct/P8034,495/61358,495/61358
http://www.wikidata.org/entity/Q714866,Ulrich of Augsburg,p67221.htm#i672205,0890-01-01T00:00:00Z,0973-07-09T00:00:00Z,,http://www.wikidata.org/prop/direct/P8051,http://www.wikidata.org/prop/direct/P8051,4981,4981
http://www.wikidata.org/entity/Q714866,Ulrich of Augsburg,p67221.htm#i672205,0890-01-01T00:00:00Z,0973-07-09T00:00:00Z,,http://www.wikidata.org/prop/direct/P8080,http://www.wikidata.org/prop/direct/P8080,U/Ulrich_von_Augsburg.htm,U/Ulrich_von_Augsburg.htm
http://www.wikidata.org/entity/Q714866,Ulrich of Augsburg,p67221.htm#i672205,0890-01-01T00:00:00Z,0973-07-09T00:00:00Z,,http://www.wikidata.org/prop/direct/P8122,http://www.wikidata.org/prop/direct/P8122,A4845,A4845
http://www.wikidata.org/entity/Q714866,Ulrich of Augsburg,p67221.htm#i672205,0890-01-01T00:00:00Z,0973-07-09T00:00:00Z,,http://www.wikidata.org/prop/direct/P8168,http://www.wikidata.org/prop/direct/P8168,Q653546,Q653546
http://www.wikidata.org/entity/Q714866,Ulrich of Augsburg,p67221.htm#i672205,0890-01-01T00:00:00Z,0973-07-09T00:00:00Z,,http://www.wikidata.org/prop/direct/P8189,http://www.wikidata.org/prop/direct/P8189,987007271093505171,987007271093505171
http://www.wikidata.org/entity/Q714866,Ulrich of Augsburg,p67221.htm#i672205,0890-01-01T00:00:00Z,0973-07-09T00:00:00Z,,http://www.wikidata.org/prop/direct/P841,http://www.wikidata.org/prop/direct/P841,http://www.wikidata.org/entity/Q2698,July 4
http://www.wikidata.org/entity/Q714866,Ulrich of Augsburg,p67221.htm#i672205,0890-01-01T00:00:00Z,0973-07-09T00:00:00Z,,http://www.wikidata.org/prop/direct/P8440,http://www.wikidata.org/prop/direct/P8440,059-01621-001,059-01621-001
http://www.wikidata.org/entity/Q714866,Ulrich of Augsburg,p67221.htm#i672205,0890-01-01T00:00:00Z,0973-07-09T00:00:00Z,,http://www.wikidata.org/prop/direct/P8636,http://www.wikidata.org/prop/direct/P8636,U/ulric-of-augsburg,U/ulric-of-augsburg
http://www.wikidata.org/entity/Q714866,Ulrich of Augsburg,p67221.htm#i672205,0890-01-01T00:00:00Z,0973-07-09T00:00:00Z,,http://www.wikidata.org/prop/direct/P902,http://www.wikidata.org/prop/direct/P902,013020,013020
http://www.wikidata.org/entity/Q714866,Ulrich of Augsburg,p67221.htm#i672205,0890-01-01T00:00:00Z,0973-07-09T00:00:00Z,,http://www.wikidata.org/prop/direct/P9037,http://www.wikidata.org/prop/direct/P9037,1121f98f-61fe-4c12-8256-0ab589986253,1121f98f-61fe-4c12-8256-0ab589986253
http://www.wikidata.org/entity/Q714866,Ulrich of Augsburg,p67221.htm#i672205,0890-01-01T00:00:00Z,0973-07-09T00:00:00Z,,http://www.wikidata.org/prop/direct/P9037,http://www.wikidata.org/prop/direct/P9037,7ebc0405-0141-4dff-9d53-cce0be63cc3e,7ebc0405-0141-4dff-9d53-cce0be63cc3e
http://www.wikidata.org/entity/Q714866,Ulrich of Augsburg,p67221.htm#i672205,0890-01-01T00:00:00Z,0973-07-09T00:00:00Z,,http://www.wikidata.org/prop/direct/P910,http://www.wikidata.org/prop/direct/P910,http://www.wikidata.org/entity/Q22583073,Category:Saint Ulrich of Augsburg
http://www.wikidata.org/entity/Q714866,Ulrich of Augsburg,p67221.htm#i672205,0890-01-01T00:00:00Z,0973-07-09T00:00:00Z,,http://www.wikidata.org/prop/direct/P9223,http://www.wikidata.org/prop/direct/P9223,76c9c583-7f3d-4896-ada4-c643a45e465a,76c9c583-7f3d-4896-ada4-c643a45e465a
http://www.wikidata.org/entity/Q714866,Ulrich of Augsburg,p67221.htm#i672205,0890-01-01T00:00:00Z,0973-07-09T00:00:00Z,,http://www.wikidata.org/prop/direct/P9441,http://www.wikidata.org/prop/direct/P9441,WIAG-Pers-EPISCGatz-03848-001,WIAG-Pers-EPISCGatz-03848-001
http://www.wikidata.org/entity/Q714866,Ulrich of Augsburg,p67221.htm#i672205,0890-01-01T00:00:00Z,0973-07-09T00:00:00Z,,http://www.wikidata.org/prop/direct/P9756,http://www.wikidata.org/prop/direct/P9756,4072,4072
http://www.wikidata.org/entity/Q714866,Ulrich of Augsburg,p67221.htm#i672205,0890-01-01T00:00:00Z,0973-07-09T00:00:00Z,,http://www.wikidata.org/prop/direct/P9943,http://www.wikidata.org/prop/direct/P9943,person/692429318917,person/692429318917
